"Reference","ID","CommonControl","Mainland","Island","Class","Order","Family","Binomial","Species_main","Species_island","Sex","Measure","Mean_m","Mean_i","sd_m","sd_i","N_m","N_i","RR","var","Long_i","Lat_i","logmass","Island_km2","Dist_near_mainland","NDVI","SDNDVI","tmean","tseas","prec","Phylogeny","Data_source_type","SPID"
"Lampert et al. 2007","ES1","CC1","Mainland Panama (Gigante, Bohio,  Gamboa)","Barro Colorado","Amphibians","Anura","Leptodactylidae","Engystomops pustulosus","Physalaemus pustulosus","Physalaemus pustulosus","Male","SVL",1.75574255625656,1.66077942476588,0.075871423483663,0.08264261128237,86,61,-0.0556048512467421,6.23071214501567e-05,-79.8475,9.1555,0.244460835833275,1.17609125905568,-0.300162274132754,0.67976611328125,-1.86228348296952,26.4705142974854,1.81377149549862,3.3864436615218,"","Island rule","SP1"
"Lampert et al. 2007","ES2","CC2","Mainland Panama","Coiba","Amphibians","Anura","Leptodactylidae","Engystomops pustulosus","Physalaemus pustulosus","Physalaemus pustulosus","Male","SVL",1.81028855574067,4.54908718721116,0.0780776341534332,0.148960354817705,103,6,0.921440339008616,0.00019676713749892,-81.777,7.486,0.257747805906562,2.70156798505593,1.35220181965942,0.75677451171875,-1.38593273169804,25.4241352081299,1.80482134867223,3.42480816751817,"","Island rule","SP1"
"Lampert et al. 2007","ES3","CC3","Mainland Panama (La Guaira)","Grande (Panama)","Amphibians","Anura","Leptodactylidae","Engystomops pustulosus","Physalaemus pustulosus","Physalaemus pustulosus","Male","SVL",2.10524226558067,2.77041474758374,0.0902005339008778,0.0920574463151266,17,31,0.274566486311584,0.00014360318047745,-79.5648,9.6327,0.323302080480809,0.845098040014257,-0.300162274132754,0.62112607421875,-1.651040349464,26.5128993988037,1.89940918689388,3.35858197814465,"","Island rule","SP1"
"Mageski et al. 2015","ES4","CC4","Paulo César
Vinha SP (Guarapari, Brazil)","Tres Ilhas (Brazil)","Amphibians","Anura","Hylidae","Phyllodytes luteolus","Phyllodytes luteolus","Phyllodytes luteolus","Male","SVL",0.62611554794805,0.915875735440799,0.0462272226989682,0.0434755950765259,29,29,0.380345760018641,0.000265669849658376,-40.382,-20.613,-0.20334551150924,-1,0.477265995424853,0.238153271484375,-1.44602021052857,23.4541664123535,2.29824601635422,3.07077646284343,"","Island rule","SP2"
"Montesinos et al. 2012","ES5","CC5","Brazil (Rio de Janeiro)","Grande","Amphibians","Anura","Bufonidae","Rhinella ornata","Rhinella ornata","Rhinella ornata","Male","SVL",34.1380122462356,22.0556791089599,2.01589226897011,1.40280101161775,87,29,-0.436841367376554,0.000179574310884722,-44.247,-23.141,1.5332382298536,2.27875360095283,0.491501766237326,0.83447255859375,-2.12152756650398,21.5135288238525,2.33314227275695,3.22514121229475,"","Island rule","SP3"
"Montesinos et al. 2012","ES6","CC6","Seropédica (Rio Janeiro)","Itacurucá","Amphibians","Anura","Bufonidae","Rhinella ornata","Rhinella ornata","Rhinella ornata","Male","SVL",34.1380122462356,37.7365515808848,2.01589226897011,2.00756369757901,87,31,0.100217670640649,0.000131377203345391,-43.891,-22.891,1.5332382298536,1,-0.655607726314889,0.728447998046875,-2.0646916377672,21.6871433258057,2.34409927595991,3.15696992071881,"","Island rule","SP3"
"Montesinos et al. 2012","ES7","CC6","Seropédica (Rio Janeiro)","Marambaia","Amphibians","Anura","Bufonidae","Rhinella ornata","Rhinella ornata","Rhinella ornata","Male","SVL",34.1380122462356,25.3623699060456,2.01589226897011,1.37452160526903,87,30,-0.297144916312822,0.000137985437492255,-43.789,-23.061,1.5332382298536,1.6232492903979,0.982316469692065,0.567623486328125,-1.94029243972949,23.3548812866211,2.30632618687276,3.1102529173534,"","Island rule","SP3"
"Reboucas et al. 2018","ES8","CC7","Rio de Janeiro","Itacurucá","Amphibians","Anura","Hylidae","Boana albomarginata","Boana albomarginata","Boana albomarginata","Male","SVL",6.24494947854598,7.66402611091277,0.398311128472181,0.311146359203724,108,34,0.204764393978764,8.61442879182373e-05,-43.891,-22.891,0.79552892929503,1,-0.655607726314889,0.728447998046875,-2.0646916377672,21.6871433258057,2.34409927595991,3.15696992071881,"","Island rule","SP4"
"Reboucas et al. 2018","ES9","CC7","Rio de Janeiro","Marambaia","Amphibians","Anura","Hylidae","Boana albomarginata","Boana albomarginata","Boana albomarginata","Male","SVL",6.24494947854598,6.95401759177381,0.398311128472181,0.122537754921124,108,33,0.107546509676733,4.70764290972453e-05,-43.789,-23.061,0.79552892929503,1.6232492903979,0.982316469692065,0.567623486328125,-1.94029243972949,23.3548812866211,2.30632618687276,3.1102529173534,"","Island rule","SP4"
"Reboucas et al. 2018","ES10","CC8","Rio de Janeiro","Grande","Amphibians","Anura","Leptodactylidae","Adenomera marmorata","Adenomera marmorata","Adenomera marmorata","Male","SVL",0.723074528245562,0.711886248771457,0.0458535066692308,0.0348963847436989,99,26,-0.0155941631031776,0.000133040436976758,-44.247,-23.141,-0.1408169370932,2.27875360095283,0.491501766237326,0.83447255859375,-2.12152756650398,21.5135288238525,2.33314227275695,3.22514121229475,"","Island rule","SP5"
"Reboucas et al. 2018","ES11","CC8","Rio de Janeiro","Itacurucá","Amphibians","Anura","Leptodactylidae","Adenomera marmorata","Adenomera marmorata","Adenomera marmorata","Male","SVL",0.723074528245562,0.626620518406762,0.0458535066692308,0.0415615649963669,99,19,-0.143171175186263,0.000272157659913355,-43.891,-22.891,-0.1408169370932,1,-0.655607726314889,0.728447998046875,-2.0646916377672,21.6871433258057,2.34409927595991,3.15696992071881,"","Island rule","SP5"
"Reboucas et al. 2018","ES12","CC8","Rio de Janeiro","Itacurucá","Amphibians","Anura","Leptodactylidae","Adenomera marmorata","Adenomera marmorata","Adenomera marmorata","Male","SVL",0.723074528245562,0.626620518406762,0.0458535066692308,0.0575467823026619,99,14,-0.143171175186263,0.000643047921802982,-43.891,-22.891,-0.1408169370932,1,-0.655607726314889,0.728447998046875,-2.0646916377672,21.6871433258057,2.34409927595991,3.15696992071881,"","Island rule","SP5"
"Reboucas et al. 2018","ES13","CC8","Rio de Janeiro","Marambaia","Amphibians","Anura","Leptodactylidae","Adenomera marmorata","Adenomera marmorata","Adenomera marmorata","Male","SVL",0.723074528245562,0.577052607978846,0.0458535066692308,0.0543819211707813,99,25,-0.225578861431679,0.000395873781445999,-43.789,-23.061,-0.1408169370932,1.6232492903979,0.982316469692065,0.567623486328125,-1.94029243972949,23.3548812866211,2.30632618687276,3.1102529173534,"","Island rule","SP5"
"Reboucas et al. 2018","ES14","CC9","Rio de Janeiro","Grande","Amphibians","Anura","Hylidae","Scinax trapicheiroi","Ololygon trapicheiroi","Ololygon trapicheiroi","Male","SVL",1.1966921261331,1.0431711855002,0.0502427991887942,0.0374045445000073,110,35,-0.13729589837843,5.27588179813232e-05,-44.247,-23.141,0.0779824335145057,2.27875360095283,0.491501766237326,0.83447255859375,-2.12152756650398,21.5135288238525,2.33314227275695,3.22514121229475,"","Island rule","SP6"
"Reboucas et al. 2018","ES15","CC9","Rio de Janeiro","Itacurucá","Amphibians","Anura","Hylidae","Scinax trapicheiroi","Ololygon trapicheiroi","Ololygon trapicheiroi","Male","SVL",1.1966921261331,1.24110933585638,0.0502427991887942,0.0327840201924328,110,15,0.0364444164426267,6.25418544496403e-05,-43.891,-22.891,0.0779824335145057,1,-0.655607726314889,0.728447998046875,-2.0646916377672,21.6871433258057,2.34409927595991,3.15696992071881,"","Island rule","SP6"
"Reboucas et al. 2018","ES16","CC9","Rio de Janeiro","Marambaia","Amphibians","Anura","Hylidae","Scinax trapicheiroi","Ololygon trapicheiroi","Ololygon trapicheiroi","Male","SVL",1.1966921261331,1.1533803412577,0.0502427991887942,0.0311724416556135,110,43,-0.0368641310390497,3.30121534620971e-05,-43.789,-23.061,0.0779824335145057,1.6232492903979,0.982316469692065,0.567623486328125,-1.94029243972949,23.3548812866211,2.30632618687276,3.1102529173534,"","Island rule","SP6"
"Reboucas et al. 2018","ES17","CC10","Rio de Janeiro","Grande","Amphibians","Anura","Cycloramphidae","Thoropa miliaris","Thoropa miliaris","Thoropa miliaris","Male","SVL",19.0693520168636,15.4991012130721,2.86707040812985,2.28438245491175,34,26,-0.207300403855387,0.00150036268802514,-44.247,-23.141,1.28033593582095,2.27875360095283,0.491501766237326,0.83447255859375,-2.12152756650398,21.5135288238525,2.33314227275695,3.22514121229475,"","Island rule","SP7"
"Reboucas et al. 2018","ES18","CC10","Rio de Janeiro","Itacurucá","Amphibians","Anura","Cycloramphidae","Thoropa miliaris","Thoropa miliaris","Thoropa miliaris","Male","SVL",19.0693520168636,15.6842832597005,2.86707040812985,1.98240011460898,34,19,-0.195423295154245,0.00150566694610165,-43.891,-22.891,1.28033593582095,1,-0.655607726314889,0.728447998046875,-2.0646916377672,21.6871433258057,2.34409927595991,3.15696992071881,"","Island rule","SP7"
"Reboucas et al. 2018","ES19","CC10","Rio de Janeiro","Marambaia","Amphibians","Anura","Cycloramphidae","Thoropa miliaris","Thoropa miliaris","Thoropa miliaris","Male","SVL",19.0693520168636,18.0264044270851,2.86707040812985,2.30943259564079,34,32,-0.056244844199193,0.00117776488906424,-43.789,-23.061,1.28033593582095,1.6232492903979,0.982316469692065,0.567623486328125,-1.94029243972949,23.3548812866211,2.30632618687276,3.1102529173534,"","Island rule","SP7"
"Reboucas et al. 2019","ES20","CC11","Brazi","Grande","Amphibians","Anura","Bufonidae","Rhinella ornata","Rhinella ornata","Rhinella ornata","Male","SVL",33.6456531812146,21.6534498564874,3.99651635470882,1.89064379056087,39,20,-0.44071908189402,0.000742961250883357,-44.247,-23.141,1.52692896391354,2.27875360095283,0.491501766237326,0.83447255859375,-2.12152756650398,21.5135288238525,2.33314227275695,3.22514121229475,"","Island rule","SP3"
"Reboucas et al. 2019","ES21","CC11","Brazi","Itacurucá","Amphibians","Anura","Bufonidae","Rhinella ornata","Rhinella ornata","Rhinella ornata","Male","SVL",33.6456531812146,35.7425623725132,3.99651635470882,3.16255329907902,39,27,0.0604583316032855,0.000651738409719442,-43.891,-22.891,1.52692896391354,1,-0.655607726314889,0.728447998046875,-2.0646916377672,21.6871433258057,2.34409927595991,3.15696992071881,"","Island rule","SP3"
"Reboucas et al. 2019","ES22","CC11","Brazi","Marambaia","Amphibians","Anura","Bufonidae","Rhinella ornata","Rhinella ornata","Rhinella ornata","Male","SVL",33.6456531812146,25.8775574473918,3.99651635470882,3.49152745765599,39,21,-0.262507785120283,0.00122866889237597,-43.789,-23.061,1.52692896391354,1.6232492903979,0.982316469692065,0.567623486328125,-1.94029243972949,23.3548812866211,2.30632618687276,3.1102529173534,"","Island rule","SP3"
"Altuni?ik et al. 2014","ES23","CC12","Çanakkale (Turkey)","Bozcaada (Tenedos) Island","Amphibians","Caudata","Salamandridae","Lissotriton vulgaris","Lissotriton vulgaris","Lissotriton vulgaris","Both","SVL",0.86742737691674,0.781105153051747,0.0624896895706707,0.0409674384387361,20,17,-0.104822013179552,0.000421301533163022,26.039,39.8261,-0.0617668751821325,1.57518784492766,0.856245400790054,0.4155423828125,-1.85148832272161,15.7518892288208,2.81061313615667,2.74968221292061,"","Island rule","SP8"
"Altuni?ik et al. 2014","ES24","CC12","Çanakkale (Turkey)","Bozcaada (Tenedos) Island","Amphibians","Caudata","Salamandridae","Lissotriton vulgaris","Lissotriton vulgaris","Lissotriton vulgaris","Both","Weight",1.822,1.49529411764706,0.31541284558162,0.319562545659274,20,17,-0.197611877132674,0.00418505525415018,26.039,39.8261,0.260548372636979,1.57518784492766,0.856245400790054,0.4155423828125,-1.85148832272161,15.7518892288208,2.81061313615667,2.74968221292061,"","Island rule","SP8"
"Castellano et al 1999","ES25","CC13","Italy","Sardinia","Amphibians","Anura","Bufonidae","Bufotes viridis","Bufo viridis","Bufo viridis","Male","SVL",26.7880077808123,63.5363010736464,2.14564139991943,4.23473421496633,369,109,0.863657096501831,5.81413964311758e-05,9.034,40.029,1.42794041640881,4.37717871299024,2.33041580275792,0.58357021484375,-1.73602243300022,14.6707763671875,2.7816091878622,2.79781594063974,"","Island rule","SP9"
"Li et al. 2011","ES26","CC14","China (Zhejiang, Zhenhai and Beilun)","Cezi","Amphibians","Anura","Dicroglossidae","Fejervarya limnocharis","Rana limnocharis","Rana limnocharis","Both","SVL",4.08551546597652,4.92828220812656,0.408510442178898,0.560939222432246,299,96,0.187542585438144,0.000168386954507684,121.934,30.095,0.611246858887101,1.17318626841227,1.21751026429403,0.46007119140625,-1.7936277826656,16.3729953765869,2.90136442176682,3.08913118693145,"","Island rule","SP10"
"Li et al. 2011","ES27","CC14","China (Zhejiang, Zhenhai and Beilun)","Changbai","Amphibians","Anura","Dicroglossidae","Fejervarya limnocharis","Rana limnocharis","Rana limnocharis","Both","SVL",4.08551546597652,5.03135637633326,0.408510442178898,0.384089717979093,299,94,0.20824169967049,9.54346118795689e-05,122.035,30.181,0.611246858887101,1.01029995663981,1.57519939515923,0.3764142578125,-1.95207443986358,16.3839740753174,2.90145522832044,3.08421510584641,"","Island rule","SP10"
"Li et al. 2011","ES28","CC14","China (Zhejiang, Zhenhai and Beilun)","Dachangtu","Amphibians","Anura","Dicroglossidae","Fejervarya limnocharis","Rana limnocharis","Rana limnocharis","Both","SVL",4.08551546597652,4.27949800095478,0.408510442178898,0.335357850497302,299,100,0.0463878078053362,9.48469839197325e-05,122.339,30.252,0.611246858887101,1.52244423350632,1.57519939515923,0.33103955078125,-1.76820927592597,16.4136009216309,2.89318285521788,3.05823616894277,"","Island rule","SP10"
"Li et al. 2011","ES29","CC14","China (Zhejiang, Zhenhai and Beilun)","Daishan","Amphibians","Anura","Dicroglossidae","Fejervarya limnocharis","Rana limnocharis","Rana limnocharis","Both","SVL",4.08551546597652,4.05628826515687,0.408510442178898,0.347438976502359,299,98,-0.00717957035829476,0.00010830214665106,122.187,30.28,0.611246858887101,2,1.56821346159708,0.354496875,-1.98108979192221,16.5334606170654,2.90113292885649,3.05979053033477,"","Island rule","SP10"
"Li et al. 2011","ES30","CC14","China (Zhejiang, Zhenhai and Beilun)","Damao","Amphibians","Anura","Dicroglossidae","Fejervarya limnocharis","Rana limnocharis","Rana limnocharis","Both","SVL",4.08551546597652,5.39854679697813,0.408510442178898,0.433624221394944,299,106,0.278681900269595,9.43030633127573e-05,122.04,29.95,0.611246858887101,0.755874855672491,0.944532020991981,0.40530107421875,-1.87741305401926,16.3550586700439,2.88981287142187,3.10539777956291,"","Island rule","SP10"
"Li et al. 2011","ES31","CC14","China (Zhejiang, Zhenhai and Beilun)","Daxie","Amphibians","Anura","Dicroglossidae","Fejervarya limnocharis","Rana limnocharis","Rana limnocharis","Both","SVL",4.08551546597652,4.49607613146724,0.408510442178898,0.351542759881158,299,94,0.0957571401906769,9.84751838473507e-05,121.967,29.918,0.611246858887101,1.45024910831936,-0.396855627379818,0.399638330078125,-1.85949311737401,16.5767021179199,2.90094963019386,3.10341370172903,"","Island rule","SP10"
"Li et al. 2011","ES32","CC14","China (Zhejiang, Zhenhai and Beilun)","Dayushan","Amphibians","Anura","Dicroglossidae","Fejervarya limnocharis","Rana limnocharis","Rana limnocharis","Both","SVL",4.08551546597652,5.63911033941722,0.408510442178898,0.451678868451604,299,96,0.322278406416556,0.000100267419789006,121.967,30.314,0.611246858887101,0.792391689498254,1.63145391596197,0.199661145019531,-1.55459526431493,16.2268409729004,2.89344271177867,3.04161764918109,"","Island rule","SP10"
"Li et al. 2011","ES33","CC14","China (Zhejiang, Zhenhai and Beilun)","Dengbu","Amphibians","Anura","Dicroglossidae","Fejervarya limnocharis","Rana limnocharis","Rana limnocharis","Both","SVL",4.08551546597652,4.83205813586164,0.408510442178898,0.335520956064204,299,94,0.167824586575584,8.47297928419736e-05,122.318,29.868,0.611246858887101,1.12417805547468,1.14924991259028,0.3915125,-1.70720525993007,16.4728832244873,2.88466484719912,3.09642680373778,"","Island rule","SP10"
"Li et al. 2011","ES34","CC14","China (Zhejiang, Zhenhai and Beilun)","Fodu","Amphibians","Anura","Dicroglossidae","Fejervarya limnocharis","Rana limnocharis","Rana limnocharis","Both","SVL",4.08551546597652,5.34543312569087,0.408510442178898,0.48760760674802,299,99,0.268794669586663,0.000117488518279579,122.018,29.736,0.611246858887101,0.845098040014257,0.845160077651946,0.391640258789063,-2.03877913237768,16.556058883667,2.89704666497602,3.1004911573089,"","Island rule","SP10"
"Li et al. 2011","ES35","CC14","China (Zhejiang, Zhenhai and Beilun)","Huni","Amphibians","Anura","Dicroglossidae","Fejervarya limnocharis","Rana limnocharis","Rana limnocharis","Both","SVL",4.08551546597652,5.76683007547753,0.408510442178898,0.479949545112342,299,93,0.344674643809282,0.00010791709927998,122.185,29.793,0.611246858887101,0.136720567156407,1.0366688103001,0.35606962890625,-1.88555673896455,16.6010551452637,2.89329762064745,3.10157524625593,"","Island rule","SP10"
"Li et al. 2011","ES36","CC14","China (Zhejiang, Zhenhai and Beilun)","Jintang","Amphibians","Anura","Dicroglossidae","Fejervarya limnocharis","Rana limnocharis","Rana limnocharis","Both","SVL",4.08551546597652,4.02062849457078,0.408510442178898,0.394488786494364,299,96,-0.0160096730690384,0.000133717134074556,121.887,30.025,0.611246858887101,1.88309335857569,0.556423121371285,0.369833959960938,-1.83497391057296,16.3423938751221,2.90046384427496,3.08498357829911,"","Island rule","SP10"
"Li et al. 2011","ES37","CC14","China (Zhejiang, Zhenhai and Beilun)","Liuheng","Amphibians","Anura","Dicroglossidae","Fejervarya limnocharis","Rana limnocharis","Rana limnocharis","Both","SVL",4.08551546597652,4.33921068774415,0.408510442178898,0.302315179058407,299,98,0.060244556975859,8.29685460017537e-05,122.147,29.708,0.611246858887101,1.96731391828708,0.845160077651946,0.35606962890625,-1.88555673896455,16.6010551452637,2.89329762064745,3.10157524625593,"","Island rule","SP10"
"Li et al. 2011","ES38","CC14","China (Zhejiang, Zhenhai and Beilun)","Meishan","Amphibians","Anura","Dicroglossidae","Fejervarya limnocharis","Rana limnocharis","Rana limnocharis","Both","SVL",4.08551546597652,3.94531802964179,0.408510442178898,0.319040689158697,299,99,-0.0349183384855401,9.94911434029889e-05,121.99,29.792,0.611246858887101,1.33965015761368,-0.300162274132754,0.375350048828125,-1.95206788237081,16.4115219116211,2.902648417179,3.10568046294581,"","Island rule","SP10"
"Li et al. 2011","ES39","CC14","China (Zhejiang, Zhenhai and Beilun)","Qushan","Amphibians","Anura","Dicroglossidae","Fejervarya limnocharis","Rana limnocharis","Rana limnocharis","Both","SVL",4.08551546597652,4.28204014856403,0.408510442178898,0.354698420623702,299,100,0.0469816608349109,0.000102052766181144,122.355,30.444,0.611246858887101,1.77742682238931,1.76716328985603,0.387664770507813,-1.86985319681381,16.2876834869385,2.89710206509052,3.02596089986873,"","Island rule","SP10"
"Li et al. 2011","ES40","CC14","China (Zhejiang, Zhenhai and Beilun)","Sijiao","Amphibians","Anura","Dicroglossidae","Fejervarya limnocharis","Rana limnocharis","Rana limnocharis","Both","SVL",4.08551546597652,5.13428429328762,0.408510442178898,0.393981526917851,299,95,0.228492550120726,9.54204722360208e-05,122.453,30.713,0.611246858887101,1.34830486304816,1.42815099874445,0.314744482421875,-1.75942123676567,16.2655200958252,2.89397688113925,2.99295097134684,"","Island rule","SP10"
"Li et al. 2011","ES41","CC14","China (Zhejiang, Zhenhai and Beilun)","Taohua","Amphibians","Anura","Dicroglossidae","Fejervarya limnocharis","Rana limnocharis","Rana limnocharis","Both","SVL",4.08551546597652,4.21862332646202,0.408510442178898,0.428035017681303,299,99,0.0320609434549186,0.000137425770781903,122.232,29.818,0.611246858887101,1.61278385671974,0.944532020991981,0.361122216796875,-1.89658049072625,16.5482521057129,2.89062538683623,3.1012313867907,"","Island rule","SP10"
"Li et al. 2011","ES42","CC14","China (Zhejiang, Zhenhai and Beilun)","Xiaochangtu","Amphibians","Anura","Dicroglossidae","Fejervarya limnocharis","Rana limnocharis","Rana limnocharis","Both","SVL",4.08551546597652,5.88974924361818,0.408510442178898,0.441845082356415,299,100,0.365765518104658,8.97170956038164e-05,122.281,30.259,0.611246858887101,1.03342375548695,1.49277435325513,0.283958203125,-1.75876043687379,16.5188236236572,2.89730452279937,3.05994188806195,"","Island rule","SP10"
"Li et al. 2011","ES43","CC14","China (Zhejiang, Zhenhai and Beilun)","Xiashi","Amphibians","Anura","Dicroglossidae","Fejervarya limnocharis","Rana limnocharis","Rana limnocharis","Both","SVL",4.08551546597652,4.05563126187611,0.408510442178898,0.441418677094356,299,100,-0.00734155502296194,0.00015190156641481,122.26,29.743,0.611246858887101,1.22271647114758,1.12060683105677,0.354645043945313,-1.75885052652849,16.4318161010742,2.88477473136339,3.10183296230458,"","Island rule","SP10"
"Li et al. 2011","ES44","CC14","China (Zhejiang, Zhenhai and Beilun)","Xiushan","Amphibians","Anura","Dicroglossidae","Fejervarya limnocharis","Rana limnocharis","Rana limnocharis","Both","SVL",4.08551546597652,4.50796357991651,0.408510442178898,0.382242337602369,299,100,0.0983976117427817,0.000105336081582715,122.164,30.173,0.611246858887101,1.36172783601759,1.73640447090963,0.381020068359375,-1.92486069502781,16.4867877960205,2.89974945456458,3.08357067597008,"","Island rule","SP10"
"Li et al. 2011","ES45","CC14","China (Zhejiang, Zhenhai and Beilun)","Zhoushan","Amphibians","Anura","Dicroglossidae","Fejervarya limnocharis","Rana limnocharis","Rana limnocharis","Both","SVL",4.08551546597652,3.94513212215529,0.408510442178898,0.361161994554517,299,97,-0.0349654606352175,0.000119837192231577,122.121,30.059,0.611246858887101,2.67089495352021,0.954290761701127,0.478612109375,-1.93870371041364,16.4111042022705,2.90208705528113,3.10209739847876,"","Island rule","SP10"
"Velo-Anton and Cordero-Rivera 2017","ES46","CC15","Spain (Galicia)","Ons ","Amphibians","Caudata","Salamandridae","Salamandra salamandra","Salamandra salamandra","Salamandra salamandra","Both","Weight",27.9595419839695,25.52,10.5632801274944,8.49716694876724,262,170,-0.0912960776378778,0.00119693466683384,-8.938,42.377,1.44653005278667,3.64914006414422,0.544192110765033,0.629724462890625,-1.95931358360986,13.9685983657837,2.57634078771776,3.20789449746847,"","Island rule","SP11"
"Velo-Anton and Cordero-Rivera 2017","ES47","CC15","Spain (Galicia)","San Martiño","Amphibians","Caudata","Salamandridae","Salamandra salamandra","Salamandra salamandra","Salamandra salamandra","Both","Weight",27.9595419839695,15.9091603053435,10.5632801274944,5.61038117951557,262,131,-0.563863472948674,0.00149413263105693,-8.904,42.1969,1.44653005278667,0.176091259055681,0.778223626766096,0.565661279296875,-1.77787888123048,14.2124996185303,2.52097877157485,3.18587066491676,"","Island rule","SP11"
"Wang et al. 2009","ES48","CC16","China (Zhejiang province)","Fodu","Amphibians","Anura","Ranidae","Pelophylax nigromaculatus","Rana nigromaculata","Rana nigromaculata","Female","SVL",45.0861722640005,61.9041686999823,1.41182023427095,1.90876959313634,24,24,0.317011925329951,8.0471133515234e-05,122.018,29.736,1.65404336604095,0.845098040014257,0.845160077651946,0.391640258789063,-2.03877913237768,16.556058883667,2.89704666497602,3.1004911573089,"","Island rule","SP12"
"Wang et al. 2009","ES49","CC16","China (Zhejiang province)","Liuheng","Amphibians","Anura","Ranidae","Pelophylax nigromaculatus","Rana nigromaculata","Rana nigromaculata","Female","SVL",45.0861722640005,40.2465488769394,1.41182023427095,1.46608384797852,24,21,-0.113551339810933,0.000104045403437131,122.147,29.708,1.65404336604095,1.96731391828708,0.845160077651946,0.35606962890625,-1.88555673896455,16.6010551452637,2.89329762064745,3.10157524625593,"","Island rule","SP12"
"Wang et al. 2009","ES50","CC16","China (Zhejiang province)","Mayi","Amphibians","Anura","Ranidae","Pelophylax nigromaculatus","Rana nigromaculata","Rana nigromaculata","Female","SVL",45.0861722640005,88.3327318332402,1.41182023427095,1.98389066441865,24,18,0.672535130048318,6.88797923763972e-05,122.258,29.871,1.65404336604095,0.845098040014257,0.845160077651946,0.361122216796875,-1.89658049072625,16.5482521057129,2.89062538683623,3.1012313867907,"","Island rule","SP12"
"Wang et al. 2009","ES51","CC16","China (Zhejiang province)","Meishan","Amphibians","Anura","Ranidae","Pelophylax nigromaculatus","Rana nigromaculata","Rana nigromaculata","Female","SVL",45.0861722640005,72.7026109590496,1.41182023427095,1.99409916071485,24,10,0.477801700237722,0.000116086888844335,121.99,29.792,1.65404336604095,1.33965015761368,-0.300162274132754,0.375350048828125,-1.95206788237081,16.4115219116211,2.902648417179,3.10568046294581,"","Island rule","SP12"
"Wang et al. 2009","ES52","CC16","China (Zhejiang province)","Taohua","Amphibians","Anura","Ranidae","Pelophylax nigromaculatus","Rana nigromaculata","Rana nigromaculata","Female","SVL",45.0861722640005,75.1428535551135,1.41182023427095,2.10350495720031,24,19,0.510815418125165,8.21002157740157e-05,122.232,29.818,1.65404336604095,1.61278385671974,0.944532020991981,0.361122216796875,-1.89658049072625,16.5482521057129,2.89062538683623,3.1012313867907,"","Island rule","SP12"
"Wang et al. 2009","ES53","CC16","China (Zhejiang province)","Xiashi","Amphibians","Anura","Ranidae","Pelophylax nigromaculatus","Rana nigromaculata","Rana nigromaculata","Female","SVL",45.0861722640005,80.1331986962102,1.41182023427095,1.99870333930501,24,19,0.575114636016171,7.35994425373822e-05,122.26,29.743,1.65404336604095,1.22271647114758,1.12060683105677,0.354645043945313,-1.75885052652849,16.4318161010742,2.88477473136339,3.10183296230458,"","Island rule","SP12"
"Wang et al. 2009","ES54","CC16","China (Zhejiang province)","Xiushan","Amphibians","Anura","Ranidae","Pelophylax nigromaculatus","Rana nigromaculata","Rana nigromaculata","Female","SVL",45.0861722640005,90.0065876719917,1.41182023427095,2.4228289544231,24,10,0.691307266195412,0.000113316233143445,122.164,30.173,1.65404336604095,1.36172783601759,1.73640447090963,0.381020068359375,-1.92486069502781,16.4867877960205,2.89974945456458,3.08357067597008,"","Island rule","SP12"
"Wang et al. 2009","ES55","CC16","China (Zhejiang province)","Zhoushan","Amphibians","Anura","Ranidae","Pelophylax nigromaculatus","Rana nigromaculata","Rana nigromaculata","Female","SVL",45.0861722640005,41.3240877901212,1.41182023427095,1.2517206938102,24,33,-0.0871300283923958,6.86596427171173e-05,122.121,30.059,1.65404336604095,2.67089495352021,0.954290761701127,0.478612109375,-1.93870371041364,16.4111042022705,2.90208705528113,3.10209739847876,"","Island rule","SP12"
"Brasileiro et al. 2007, Heyer et al. 1990","ES56","CC17","Brazil","Ilha dos Alcatrazes","Amphibians","Anura","Leptodactylidae","Cycloramphus eleutherodactylus","Cycloramphus eleutherodactylus","Cycloramphus faustoi","Both","SVL",5.11036715916008,5.21680383798353,0.446098994672373,0.637981508565281,4,11,0.0206136700513801,0.00326462494003689,-45.696,-24.1,0.708452103553296,0.173186268412274,1.54408045258678,0.693767041015625,-1.38462328074966,21.5395832061768,2.39974259785885,3.42143939022005,"","No island rule","SP13"
"Clark 1967","ES57","CC18","Mainland Greece (North)","Spetsai","Amphibians","Anura","Bufonidae","Bufotes viridis","Bufo viridis","Bufo viridis viridis","Male","SVL",30.8293398997029,24.5772192409215,3.92277478069401,5.21364744164081,115,2,-0.226646863921083,0.0226410618754878,23.134,37.258,1.48896422595954,1.34635297445064,0.361916618668643,0.45666572265625,-1.89786573452021,17.6349029541016,2.76604694768925,2.69613787578185,"","No island rule","SP9"
"Arntzen and Garcia-Paris 1995","ES58","CC19","Spain (South)","Mallorca","Amphibians","Anura","Alytidae","Alytes dickhilleni","Alytes dickhilleni","Alytes mustelensis","Both","SVL",7.93329827022556,3.17432161679656,0.606770321356125,0.211296868357317,53,30,-0.915974926765919,0.000258067658828536,2.9951,39.7104,0.899453782872832,3.56110138364906,2.24055174422073,0.4811669921875,-2.0319027889097,15.6639108657837,2.75405040052569,2.77073037583745,"Phylogeny: Arntzen, J. & García-París, M. Morphological and allozyme studies of midwife toads (genus Alytes), including the description of two new taxa from Spain. Contributions to Zoology 65, 5-34 (1995).","No island rule","SP14"
"Bell 1978","ES59","CC20","New Zealand (North)","Stephens","Amphibians","Anura","Leiopelmatidae","Leiopelma archeyi","Leiopelma archeyi","Leiopelma hamiltoni","Unsexed","SVL",1.81456433202982,4.99290010169532,0.430799660492793,1.44349638503385,171,18,1.01217152219256,0.00497319944326518,173.9966,-40.6712,0.258772369918935,0.176091259055681,1.91381914862559,0.509886376953125,-1.22674799998275,13.1764011383057,2.42829296789607,3.13376236920288,"Phylogeny: Bell, B. D., Daugherty, C. H., & Hay, J. M. (1998). Leiopelma pakeka, n. sp.(Anura: Leiopelmatidae), a cryptic species of frog from Maud Island, New Zealand, and a reassessment of the conservation status of L. hamiltoni from Stephens Island. Journal of the Royal Society of New Zealand, 28(1), 39-54.","No island rule","SP15"
"Bell and Irian 2019, Lotters et al. 2004","ES60","CC21","Kenya","Sao Tome","Amphibians","Anura","Hyperoliidae","Hyperolius cinnamomeoventris","Hyperolius cinnamomeoventris","Hyperolius molleri","Both","SVL",1.12364975944348,1.92442430196358,0.075459818810274,0.197972262126228,118,33,0.538044758101272,0.000358915389685729,6.616,0.234,0.0506309631507822,2.931457870689,2.37657878181941,0.69247353515625,-1.40605108208798,22.1624374389648,1.92771272279815,3.40989087473144,"Phylogeny in Bell, R. C., Drewes, R. C., & Zamudio, K. R. (2015). Reed frog diversification in the Gulf of Guinea: Overseas dispersal, the progression rule, and in situ speciation. Evolution, 69(4), 904-915.","No island rule","SP16"
"Bell and Irian 2019, Lotters et al. 2004","ES61","CC21","Kenya","Sao Tome","Amphibians","Anura","Hyperoliidae","Hyperolius cinnamomeoventris","Hyperolius cinnamomeoventris","Hyperolius thomensis","Both","SVL",1.12364975944348,6.40781412039474,0.075459818810274,0.541152398738983,118,7,1.74093610092138,0.00105709571089149,6.616,0.234,0.0506309631507822,2.931457870689,2.37657878181941,0.69247353515625,-1.40605108208798,22.1624374389648,1.92771272279815,3.40989087473144,"Phylogeny in Bell, R. C., Drewes, R. C., & Zamudio, K. R. (2015). Reed frog diversification in the Gulf of Guinea: Overseas dispersal, the progression rule, and in situ speciation. Evolution, 69(4), 904-915.","No island rule","SP16"
"Bell et al. 2016, Lotters et al. 2004","ES62","CC22","Kenya","Principe","Amphibians","Anura","Hyperoliidae","Hyperolius cinnamomeoventris","Hyperolius cinnamomeoventris","Hyperolius drewesi","Both","SVL",1.12364975944348,1.97398789680069,0.075459818810274,0.131885767946807,118,17,0.563473708690929,0.000300797507382889,7.4,1.626,0.0506309631507822,2.13353890837022,2.33365077086291,0.4961466796875,-1.47387184563869,25.1661548614502,1.89407536003192,3.31952453204368,"Phylogeny in Bell, R. C., Drewes, R. C., & Zamudio, K. R. (2015). Reed frog diversification in the Gulf of Guinea: Overseas dispersal, the progression rule, and in situ speciation. Evolution, 69(4), 904-915.","No island rule","SP16"
"Blackburn 2010","ES63","CC23","Cameroon","Bioko","Amphibians","Anura","Arthroleptidae","Arthroleptis poecilonotus","Arthroleptis poecilonotus","Arthroleptis bioko","Male","SVL",1.37460956976435,2.48213067530836,0.0225309883618403,0.250515905798186,4,5,0.590947593059044,0.00210444762621626,8.7,3.5,0.138179363057241,3.30470589821277,1.62325963061961,0.507468408203125,-1.41670752650152,23.4745044708252,1.91661749949895,3.40021016675251,"Phylogeny: Blackburn, D. C. A new squeaker frog (Arthroleptidae: Arthroleptis) from Bioko island, Equatorial Guinea. Herpetologica 66, 320-334 (2010)","No island rule","SP17"
"Brown et al. 2010","ES64","CC24","Panama","Cayo Agua","Amphibians","Anura","Dendrobatidae","Oophaga pumilio","Oophaga pumilio","Oophaga pumilio","Both","SVL",0.42458102272784,0.437255012019751,0.0144041170031538,0.0272606443811691,57,34,0.029413722628354,0.00013451230108039,-82.039,9.1518,-0.372039421165701,1.19033169817029,0.342620042553348,0.672026611328125,-1.60972230623035,25.9435844421387,1.68808872207448,3.4635436088818,"","No island rule","SP18"
"Brown et al. 2010","ES65","CC24","Panama","Pastores","Amphibians","Anura","Dendrobatidae","Oophaga pumilio","Oophaga pumilio","Oophaga pumilio","Both","SVL",0.42458102272784,0.424362945729053,0.0144041170031538,0.0223044115431783,57,22,-0.000513760652497159,0.000145761340979901,-82.339,9.237,-0.372039421165701,0.380211241711606,-0.0963674839157623,0.763761376953125,-1.62422459571565,25.4382705688477,1.6975541677115,3.45486770213086,"","No island rule","SP18"
"Brown et al. 2010","ES66","CC24","Panama","San Cristobal","Amphibians","Anura","Dendrobatidae","Oophaga pumilio","Oophaga pumilio","Oophaga pumilio","Both","SVL",0.42458102272784,0.578432149421742,0.0144041170031538,0.0122855654586604,57,16,0.309218398870919,4.8386473496661e-05,-82.2688,9.2597,-0.372039421165701,1.59328606702046,-0.22112552799726,0.766273779296875,-1.64453503938332,25.8043689727783,1.6978703192382,3.44451320633404,"","No island rule","SP18"
"Cumbo et al 2010, Oromi et al. 2016","ES67","CC25","Argelia","Sicily","Amphibians","Anura","Alytidae","Discoglossus pictus","Discoglossus pictus","Discoglossus pictus","Both","SVL",6.26403083076868,18.501160993913,1.47229787174495,1.91301408682456,66,70,1.08300960596858,0.000989762990935918,14.275,37.481,0.796853886597741,4.40585839931764,0.491501766237326,0.48783291015625,-1.7491542292963,15.4296607971191,2.76987076537853,2.70918266471766,"","No island rule","SP19"
"Djong et al. 2011","ES68","CC26","Honshu (Hiroshima)","Kyushu (Kumamoto)","Amphibians","Anura","Dicroglossidae","Fejervarya kawamurai","Fejervarya kawamurai","Fejervarya kawamurai","Both","SVL",5.5080575989525,5.15354849543632,0.468726180767007,0.59954125794176,10,10,-0.0665265324931605,0.00207756922194918,131.0378,32.746,0.740998473120188,4.56489084517638,-0.045275209020937,0.742241845703125,-2.06316151198134,14.0496435165405,2.88731074522209,3.39533360382983,"","No island rule","SP20"
"Djong et al. 2011","ES69","CC26","Honshu (Hiroshima)","Okinawajima","Amphibians","Anura","Dicroglossidae","Fejervarya kawamurai","Fejervarya kawamurai","Fejervarya kawamurai","Both","SVL",5.5080575989525,5.55677209919176,0.468726180767007,0.720527379768217,10,7,0.00880534383639852,0.00312608731005664,127.9278,26.4794,0.740998473120188,3.08170007377456,2.76342874234588,0.483222998046875,-1.49092461609625,22.8974323272705,2.65055307551962,3.3202200942349,"","No island rule","SP20"
"Djong et al. 2011","ES70","CC26","Honshu (Hiroshima)","Yoronjima Islands","Amphibians","Anura","Dicroglossidae","Fejervarya kawamurai","Fejervarya kawamurai","Fejervarya kawamurai","Both","SVL",5.5080575989525,8.68621733031085,0.468726180767007,0.840400289435851,10,12,0.455525516420513,0.00150423472264844,128.432,27.0425,0.740998473120188,1.31806333496276,2.68124214215482,0.443155078125,-1.5580951579536,22.680477142334,2.66967157499542,3.31599134584761,"","No island rule","SP20"
"Glaw et al. 2001","ES71","CC27","Madagascar","Nosy Be","Amphibians","Anura","Mantellidae","Boophis tephraeomystax","Boophis tephraeomystax","Boophis tephraeomystax","Both","SVL",5.21267613397693,7.0670883257463,0.855275249730133,0.692709588397138,7,3,0.304355182722388,0.00704843035360486,48.26,-13.326,0.717060742844527,2.50517712087683,1.07994059715236,0.71289697265625,-1.828679778872,25.7866973876953,2.134027409339,3.3305050774476,"","No island rule","SP21"
"Inger et al 2009","ES72","CC28","Malaysia","Borneo","Amphibians","Anura","Ranidae","Hylarana chalconota","Rana chalconota","Rana megalonesa","Both","SVL",4.66025627569752,9.13466834988913,0.73867794044115,1.65033527833952,32,228,0.673006442329784,0.000928289134546951,114,1,0.668409799964883,5.87118166081524,2.71600417881569,0.79960927734375,-1.55229701907953,25.0596599578857,1.37991262208345,3.5955034069751,"Phylogeny: Inger, R. F., Stuart, B. L., & Iskandar, D. T. (2009). Systematics of a widespread southeast Asian frog, Rana chalconota (Amphibia: Anura: Ranidae). Zoological Journal of the Linnean Society, 155(1), 123-147.","No island rule","SP22"
"Inger et al 2009","ES73","CC28","Malaysia","Borneo","Amphibians","Anura","Ranidae","Hylarana chalconota","Rana chalconota","Rana raniceps","Both","SVL",4.66025627569752,3.93997567336705,0.73867794044115,0.447729834261488,32,38,-0.167895892391814,0.00112495813530853,114,1,0.668409799964883,5.87118166081524,2.71600417881569,0.79960927734375,-1.55229701907953,25.0596599578857,1.37991262208345,3.5955034069751,"Phylogeny: Inger, R. F., Stuart, B. L., & Iskandar, D. T. (2009). Systematics of a widespread southeast Asian frog, Rana chalconota (Amphibia: Anura: Ranidae). Zoological Journal of the Linnean Society, 155(1), 123-147.","No island rule","SP22"
"Inger et al 2009","ES74","CC28","Malaysia","Java","Amphibians","Anura","Ranidae","Hylarana chalconota","Rana chalconota","Rana chalconota","Both","SVL",4.66025627569752,8.61517254592672,0.73867794044115,2.01837230656891,32,69,0.614454456915392,0.00158060150505093,107.5667,-6.95,0.668409799964883,5.14236944055135,2.53148019437709,0.578037841796875,-1.53148428213906,25.1530380249023,1.57611938331645,3.32056563345461,"Phylogeny: Inger, R. F., Stuart, B. L., & Iskandar, D. T. (2009). Systematics of a widespread southeast Asian frog, Rana chalconota (Amphibia: Anura: Ranidae). Zoological Journal of the Linnean Society, 155(1), 123-147.","No island rule","SP22"
"Inger et al 2009","ES75","CC28","Malaysia","Sumatra","Amphibians","Anura","Ranidae","Hylarana chalconota","Rana chalconota","Rana rufipes","Both","SVL",4.66025627569752,13.3925539305883,0.73867794044115,2.12491022301275,32,14,1.05562843427925,0.00258328009065918,101.6,-0.4,0.668409799964883,5.67541811271593,1.82608128465965,0.775979541015625,-1.33359423265362,25.9305744171143,1.51943769766952,3.39226356385173,"Phylogeny: Inger, R. F., Stuart, B. L., & Iskandar, D. T. (2009). Systematics of a widespread southeast Asian frog, Rana chalconota (Amphibia: Anura: Ranidae). Zoological Journal of the Linnean Society, 155(1), 123-147.","No island rule","SP22"
"Inger et al 2009","ES76","CC28","Malaysia","Sumatra","Amphibians","Anura","Ranidae","Hylarana chalconota","Rana chalconota","Rana parvaccola","Both","SVL",4.66025627569752,4.22739884703165,0.73867794044115,0.605371783418921,32,28,-0.0974835672786992,0.00151751410980407,101.6,-0.4,0.668409799964883,5.67541811271593,1.82608128465965,0.775979541015625,-1.33359423265362,25.9305744171143,1.51943769766952,3.39226356385173,"Phylogeny: Inger, R. F., Stuart, B. L., & Iskandar, D. T. (2009). Systematics of a widespread southeast Asian frog, Rana chalconota (Amphibia: Anura: Ranidae). Zoological Journal of the Linnean Society, 155(1), 123-147.","No island rule","SP22"
"Kang et al. 2017","ES77","CC29","Korea","Cheju Do","Amphibians","Anura","Bombinatorina","Bombina orientalis","Bombina orientalis","Bombina orientalis","Both","Weight",7.77476190487143,5.70000000003704,2.19821179851004,1.83072074920289,210,27,-0.310416659581735,0.00420125992286027,126.591,33.377,0.890687098022501,3.26150077319828,1.91381914862559,0.607816064453125,-1.81743260081951,14.3664684295654,2.88354215355737,3.27150487671279,"","No island rule","SP23"
"Kutrup et al 2011","ES78","CC30","Turkey","Giresun","Amphibians","Anura","Bufonidae","Bufotes viridis","Bufo viridis","Bufo viridis","Both","SVL",33.1297200992718,54.4462168705339,3.09032245241365,4.33475209371338,44,56,0.496782600285401,0.000310940541829023,38.437,40.929,1.52021776670432,-1.39794000867204,0.146438135285775,0.612859765625,-1.68470842408113,14.3423175811768,2.77111983179449,3.06936467054026,"","No island rule","SP9"
"Kwet et al. 2009","ES79","CC31","Brazil","Ilha de Santa Catarina","Amphibians","Anura","Leptodactylidae","Adenomera engelsi","Adenomera engelsi","Adenomera engelsi","Male","SVL",0.847936555065362,0.878420185989537,0.0139289809973614,0.0255181265594941,2,10,0.0353192350451947,0.000219312137615277,-48.9177,-27.5141,-0.0716366416298628,2.6277753752293,-0.300162274132754,0.806981982421875,-1.76880853675572,17.0396060943604,2.48639441368469,3.22201115556144,"","No island rule","SP24"
"Leet et al. 2012, MVZ","ES80","CC32","California","Southeast Farallon","Amphibians","Caudata","Plethodontidae","Aneides lugubris","Aneides lugubris","Aneides lugubris","Both","SVL",3.89712310260197,5.56576155566287,4.38231172926745,1.17491305535006,111,10,0.356395207816864,0.0158480527970679,-123.0025,37.6985,0.590744124534374,-0.318758762624413,1.51055841415044,0.568311181640625,-1.7971210848434,12.6347217559814,2.17509198050051,3.03782475058834,"","No island rule","SP25"
"Maddock 2016","ES82","CC34","Mahé (Seychelles)","Félicité","Amphibians","Gymnophiona","Indotyphlidae","Grandisonia alternans","Grandisonia alternans","Grandisonia alternans","Unsexed","TL",3.25056259371122,3.23582568769962,1.15046633729772,0.774551690681227,24,7,-0.00454395596716063,0.013404648351337,55.873,-4.326,0.511958533347857,0.428134794028789,1.7226421477302,0.63437734375,-1.80485925216707,27.0118064880371,1.84053119907823,3.35732298270962,"","No island rule","SP26"
"Maddock 2016","ES83","CC34","Mahé (Seychelles)","Frégate","Amphibians","Gymnophiona","Indotyphlidae","Grandisonia alternans","Grandisonia alternans","Grandisonia alternans","Unsexed","TL",3.25056259371122,5.55600578557928,1.15046633729772,0.751531561504751,24,28,0.536051379094649,0.00587283528996636,55.94,-4.5865,0.511958533347857,0.315970345456918,1.6532221646566,0.55613583984375,-1.39694785060749,26.988468170166,1.84429967564806,3.36147859653593,"","No island rule","SP26"
"Maddock 2016","ES84","CC34","Mahé (Seychelles)","La Digue","Amphibians","Gymnophiona","Indotyphlidae","Grandisonia alternans","Grandisonia alternans","Grandisonia alternans","Unsexed","TL",3.25056259371122,3.89262328942451,1.15046633729772,0.715582426690572,24,3,0.180255210690236,0.0164839237441085,55.838,-4.36,0.511958533347857,1,1.66746229245581,0.63437734375,-1.80485925216707,27.0118064880371,1.84053119907823,3.35732298270962,"","No island rule","SP26"
"Maddock 2016","ES85","CC34","Mahé (Seychelles)","Praslin","Amphibians","Gymnophiona","Indotyphlidae","Grandisonia alternans","Grandisonia alternans","Grandisonia alternans","Unsexed","TL",3.25056259371122,5.80681512878522,1.15046633729772,0.42913785755813,24,3,0.58020416284056,0.00703991126028319,55.73,-4.323,0.511958533347857,1.57978359661681,1.57288321419716,0.6878533203125,-1.94445679391101,26.7956714630127,1.87150894294456,3.35919021770369,"","No island rule","SP26"
"Maddock 2016","ES86","CC34","Mahé (Seychelles)","Silhouette","Amphibians","Gymnophiona","Indotyphlidae","Grandisonia alternans","Grandisonia alternans","Grandisonia alternans","Unsexed","TL",3.25056259371122,4.25983509736953,1.15046633729772,0.294879214139632,24,34,0.270402362876505,0.0053603238949223,55.233,-4.485,0.511958533347857,1.30319605742049,1.33447385691154,0.677000830078125,-1.70056375660062,26.5780200958252,1.86012644562276,3.35120666330274,"","No island rule","SP26"
"Maddock 2016","ES87","CC35","Mahé (Seychelles)","Félicité","Amphibians","Gymnophiona","Indotyphlidae","Grandisonia larvata","Grandisonia larvata","Grandisonia larvata","Both","TL",1.86685074368838,3.54466328677072,0.26143165235947,0.371009089434429,14,7,0.641190255996417,0.00296580163289299,55.873,-4.326,0.271109597122238,0.428134794028789,1.7226421477302,0.63437734375,-1.80485925216707,27.0118064880371,1.84053119907823,3.35732298270962,"","No island rule","SP27"
"Maddock 2016","ES88","CC35","Mahé (Seychelles)","La Digue","Amphibians","Gymnophiona","Indotyphlidae","Grandisonia larvata","Grandisonia larvata","Grandisonia larvata","Both","TL",1.86685074368838,2.35800645910361,0.26143165235947,0.269954305436728,14,14,0.233563624439832,0.00233696410536462,55.838,-4.36,0.271109597122238,1,1.66746229245581,0.63437734375,-1.80485925216707,27.0118064880371,1.84053119907823,3.35732298270962,"","No island rule","SP27"
"Maddock 2016","ES89","CC35","Mahé (Seychelles)","Praslin","Amphibians","Gymnophiona","Indotyphlidae","Grandisonia larvata","Grandisonia larvata","Grandisonia larvata","Both","TL",1.86685074368838,2.05328194068033,0.26143165235947,0.262015784200432,14,4,0.0951865427733557,0.00547174584476996,55.73,-4.323,0.271109597122238,1.57978359661681,1.57288321419716,0.6878533203125,-1.94445679391101,26.7956714630127,1.87150894294456,3.35919021770369,"","No island rule","SP27"
"Maddock 2016","ES90","CC35","Mahé (Seychelles)","Sainte Anne","Amphibians","Gymnophiona","Indotyphlidae","Grandisonia larvata","Grandisonia larvata","Grandisonia larvata","Both","TL",1.86685074368838,2.85684884821033,0.26143165235947,0.326168473547937,14,4,0.425466299176118,0.0046595153327892,55.504,-4.605,0.271109597122238,1.15228834438306,0.477265995424853,0.444915869140625,-1.86043904483796,26.9426002502441,1.8453381953877,3.36133489028187,"","No island rule","SP27"
"Maddock 2016","ES91","CC35","Mahé (Seychelles)","Silhouette","Amphibians","Gymnophiona","Indotyphlidae","Grandisonia larvata","Grandisonia larvata","Grandisonia larvata","Both","TL",1.86685074368838,2.98182064500721,0.26143165235947,0.190610703537982,14,6,0.468281151759591,0.00208182935109676,55.233,-4.485,0.271109597122238,1.30319605742049,1.33447385691154,0.677000830078125,-1.70056375660062,26.5780200958252,1.86012644562276,3.35120666330274,"","No island rule","SP27"
"Maddock 2016","ES92","CC36","Mahé (Seychelles)","Praslin","Amphibians","Gymnophiona","Indotyphlidae","Grandisonia sechellensis","Grandisonia sechellensis","Grandisonia sechellensis","Both","TL",2.77676721008385,2.9861543032367,0.267960870327618,0.26643076634581,19,2,0.0726989963774291,0.00447041463246543,55.73,-4.323,0.443539472255215,1.57978359661681,1.57288321419716,0.6878533203125,-1.94445679391101,26.7956714630127,1.87150894294456,3.35919021770369,"","No island rule","SP28"
"Maddock 2016","ES93","CC36","Mahé (Seychelles)","Silhouette","Amphibians","Gymnophiona","Indotyphlidae","Grandisonia sechellensis","Grandisonia sechellensis","Grandisonia sechellensis","Both","TL",2.77676721008385,2.63084420741002,0.267960870327618,0.24443330165912,19,20,-0.0539825908756995,0.000921747727079617,55.233,-4.485,0.443539472255215,1.30319605742049,1.33447385691154,0.677000830078125,-1.70056375660062,26.5780200958252,1.86012644562276,3.35120666330274,"","No island rule","SP28"
"Maddock 2016","ES94","CC37","Mahé (Seychelles)","Praslin","Amphibians","Gymnophiona","Indotyphlidae","Grandisonia brevis","Hypogeophis brevis","Hypogeophis brevis","Both","TL",0.299848353455009,0.223628962206568,0.084139015274858,0.0666535154049815,39,15,-0.293288598614453,0.0079413702486947,55.73,-4.323,-0.523098331643168,1.57978359661681,1.57288321419716,0.6878533203125,-1.94445679391101,26.7956714630127,1.87150894294456,3.35919021770369,"","No island rule","SP29"
"Maddock 2016","ES95","CC38","Mahé (Seychelles)","Curieuse","Amphibians","Gymnophiona","Indotyphlidae","Hypogeophis rostratus","Hypogeophis rostratus","Hypogeophis rostratus","Both","TL",4.42487221338482,7.83953516987043,0.972315302682459,0.583640838981101,106,6,0.571938143335486,0.00137928010916528,55.723,-4.283,0.645900733152899,0.46686762035411,1.62325963061961,0.5920404296875,-1.83566067037655,27.0739860534668,1.84780351002692,3.35874363358381,"","No island rule","SP30"
"Maddock 2016","ES96","CC38","Mahé (Seychelles)","Félicité","Amphibians","Gymnophiona","Indotyphlidae","Hypogeophis rostratus","Hypogeophis rostratus","Hypogeophis rostratus","Both","TL",4.42487221338482,4.63663868043625,0.972315302682459,0.560627245082983,106,20,0.0467482816859584,0.00118651020797061,55.873,-4.326,0.645900733152899,0.428134794028789,1.7226421477302,0.63437734375,-1.80485925216707,27.0118064880371,1.84053119907823,3.35732298270962,"","No island rule","SP30"
"Maddock 2016","ES97","CC38","Mahé (Seychelles)","Frégate","Amphibians","Gymnophiona","Indotyphlidae","Hypogeophis rostratus","Hypogeophis rostratus","Hypogeophis rostratus","Both","TL",4.42487221338482,5.3959836555471,0.972315302682459,1.25477062183956,106,40,0.198413509634894,0.00180736612247838,55.94,-4.5865,0.645900733152899,0.315970345456918,1.6532221646566,0.55613583984375,-1.39694785060749,26.988468170166,1.84429967564806,3.36147859653593,"","No island rule","SP30"
"Maddock 2016","ES98","CC38","Mahé (Seychelles)","La Digue","Amphibians","Gymnophiona","Indotyphlidae","Hypogeophis rostratus","Hypogeophis rostratus","Hypogeophis rostratus","Both","TL",4.42487221338482,8.35851861115691,0.972315302682459,1.32102229271711,106,45,0.636039812060732,0.00101059121850605,55.838,-4.36,0.645900733152899,1,1.66746229245581,0.63437734375,-1.80485925216707,27.0118064880371,1.84053119907823,3.35732298270962,"","No island rule","SP30"
"Maddock 2016","ES99","CC38","Mahé (Seychelles)","Praslin","Amphibians","Gymnophiona","Indotyphlidae","Hypogeophis rostratus","Hypogeophis rostratus","Hypogeophis rostratus","Both","TL",4.42487221338482,3.75891134871397,0.972315302682459,0.664861272136187,106,41,-0.163112019149813,0.00121857128321337,55.73,-4.323,0.645900733152899,1.57978359661681,1.57288321419716,0.6878533203125,-1.94445679391101,26.7956714630127,1.87150894294456,3.35919021770369,"","No island rule","SP30"
"Maddock 2016","ES100","CC38","Mahé (Seychelles)","Sainte Anne","Amphibians","Gymnophiona","Indotyphlidae","Hypogeophis rostratus","Hypogeophis rostratus","Hypogeophis rostratus","Both","TL",4.42487221338482,6.0813338168688,0.972315302682459,0.798861379946587,106,17,0.317982649980973,0.00147059002230684,55.504,-4.605,0.645900733152899,1.15228834438306,0.477265995424853,0.444915869140625,-1.86043904483796,26.9426002502441,1.8453381953877,3.36133489028187,"","No island rule","SP30"
"Maddock 2016","ES101","CC38","Mahé (Seychelles)","Silhouette","Amphibians","Gymnophiona","Indotyphlidae","Hypogeophis rostratus","Hypogeophis rostratus","Hypogeophis rostratus","Both","TL",4.42487221338482,3.42219700222894,0.972315302682459,0.651396959344142,106,41,-0.256958656574193,0.0013392046396383,55.233,-4.485,0.645900733152899,1.30319605742049,1.33447385691154,0.677000830078125,-1.70056375660062,26.5780200958252,1.86012644562276,3.35120666330274,"","No island rule","SP30"
"Maddock 2016","ES102","CC39","Mahé (Seychelles)","Silhouette","Amphibians","Gymnophiona","Indotyphlidae","Praslinia cooperi","Praslinia cooperi","Praslinia cooperi","Female","TL",3.25224943409613,2.52195603339047,0.63485857867075,0.393217906621601,8,7,-0.254312086336323,0.00823608230134328,55.233,-4.485,0.512183846792047,1.30319605742049,1.33447385691154,0.677000830078125,-1.70056375660062,26.5780200958252,1.86012644562276,3.35120666330274,"","No island rule","SP31"
"Marunouchi et al. 2000, Shimada et al. 2016","ES103","CC40","Honshu","Shikoku","Amphibians","Caudata","Salamandridae","Cynops pyrrhogaster","Cynops pyrrhogaster","Cynops pyrrhogaster","Both","SVL",3.33336874772672,4.49953791452904,0.300192894760246,0.382589464499576,140,626,0.299991277256013,6.94796430398129e-05,134.095,33.854,0.522883359338516,4.2733485687491,0.919130413860614,0.737541748046875,-1.81844145831815,14.3960962295532,2.88501752549831,3.31499994259578,"","No island rule","SP32"
"Matsui and Ota 1984","ES104","CC41","Iriomotejima","Kohamajima","Amphibians","Anura","Microhylidae","Microhyla ornata","Microhyla ornata","Microhyla ornata","Female","Weight",3.83,2.29,0.22,0.16,18,27,-0.514312985626406,0.000364108256131426,123.9796,24.3425,0.583198773968623,0.894316062684438,0.361916618668643,0.6066384765625,-1.49938586084835,23.4272117614746,2.59304337691032,3.34330418724184,"","No island rule","SP33"
"Matsui et al. 2007","ES105","CC42","Guangzhou, China","Ishigakijima","Amphibians","Anura","Dicroglossidae","Fejervarya limnocharis","Fejervarya limnocharis","Fejervarya sakishimensis","Both","SVL",5.22187535029842,14.6071388334897,0.669194241957028,1.61651566151807,5,38,1.02865377052514,0.00360688098108354,124.197,24.414,0.71782650070721,2.34740808371225,2.66931781053189,0.6272091796875,-1.77575586272411,23.1909770965576,2.59989795716094,3.33041174194912,"Phylogeny: Matsui, M., Toda, M. & Ota, H. A new species of frog allied to Fejervarya limnocharis from the Southern Ryukyus, Japan (Amphibia: Ranidae). Current Herpetology 26, 65-79","No island rule","SP10"
"Matsui et al. 2014, Aowphol et al. 2013","ES106","CC43","Thailand","Borneo","Amphibians","Anura","Rhacophoridae","Chiromantis vittatus","Chiromantis vittatus","Chiromantis inexpectatus","Unsexed","SVL",1.31011851402496,0.945680008569818,0.0212164941542503,0.00599728023112266,8,2,-0.325968626320301,5.28910392124821e-05,114,1,0.117310583945074,5.87113141195379,2.71600417881569,0.79960927734375,-1.55229701907953,25.0596599578857,1.37991262208345,3.5955034069751,"Phylogeny: Chan, Kin Onn, L. Lee Grismer, and Rafe M. Brown. ""Comprehensive multi-locus phylogeny of Old World tree frogs (Anura: Rhacophoridae) reveals taxonomic uncertainties and potential cases of over-and underestimation of species diversity."" Molecular phylogenetics and evolution 127 (2018): 1010-1019.","No island rule","SP34"
"Menzies and Tyler 1977","ES107","CC44","Papua New Guinea","Goodenough","Amphibians","Anura","Microhylidae","Copiula fistulans","Copiula fistulans","Copiula minor","Male","SVL",2.78798795048522,1.19534604739483,0.151424265681306,0.0352129023128392,20,2,-0.84688444809494,0.00058139233776366,150.249,-9.34,0.445290892435625,2.83695673705955,1.46091286998729,0.71391318359375,-1.51411315139203,22.9328632354736,1.78245279249879,3.44990245845508,"","No island rule","SP35"
"Newman 1990, Bell 1978","ES108","CC45","New Zealand (North)","Stephens","Amphibians","Anura","Leiopelmatidae","Leiopelma archeyi","Leiopelma archeyi","Leiopelma hamilton","Unsexed","SVL",1.81456433202982,3.5481698527265,0.430799660492793,0.881937766189679,171,99,0.670586534656434,0.000953685146530357,173.9966,-40.6712,0.258772369918935,0.176091259055681,1.91381914862559,0.509886376953125,-1.22674799998275,13.1764011383057,2.42829296789607,3.13376236920288,"Phylogeny: Bell, B. D., Daugherty, C. H., & Hay, J. M. (1998). Leiopelma pakeka, n. sp.(Anura: Leiopelmatidae), a cryptic species of frog from Maud Island, New Zealand, and a reassessment of the conservation status of L. hamiltoni from Stephens Island. Journal of the Royal Society of New Zealand, 28(1), 39-54.","No island rule","SP15"
"Pabijan et al. 2011","ES109","CC46","Madagascar","Nosy Be","Amphibians","Anura","Mantellidae","Blommersia wittei","Blommersia wittei","Blommersia wittei","Male","SVL",0.948658424980459,1.19534604739483,0.0491286237468601,0.0367568909573909,9,5,0.231142199563894,0.000487106109802996,48.26,-13.326,-0.0228901319872677,2.50517712087683,1.07994059715236,0.71289697265625,-1.828679778872,25.7866973876953,2.134027409339,3.3305050774476,"","No island rule","SP36"
"Pafilis et al. 2019, Baskale et al. 2018","ES110","CC47","Turkey","Karpathos","Amphibians","Anura","Ranidae","Pelophylax bedriagae","Pelophylax bedriagae","Pelophylax cerigensis","Both","Weight",38.6666459627329,9.416,18.6039245504846,5.268,161,76,-1.41256699703357,0.00555639561748088,27.146,35.542,1.58733650196571,2.51067903103221,1.97405551311323,0.398436254882813,-1.97340226759278,17.7849597930908,2.73649862822453,2.82795696499388,"Phylogeny in Toli, E. A., Siarabi, S., Bounas, A., Pafilis, P., Lymperakis, P., & Sotiropoulos, K. (2018). New insights on the phylogenetic position and population genetic structure of the Critically Endangered Karpathos marsh frog Pelophylax cerigensis (Amphibia: Anura: Ranidae). Acta Herpetologica, 13(2), 117-123.","No island rule","SP37"
"Salvidio et al. 1993, Hemelaar 1988","ES111","CC48","Norway","Hitra","Amphibians","Anura","Bufonidae","Bufo bufo","Bufo bufo","Bufo bufo","Both","SVL",37.5831516388914,36.9850236290166,3.42898948976038,3.43496544774575,1012,29,-0.016042791340374,0.000305662527639657,8.7022,63.5344,1.57499319625381,2.83276430494053,0.544192110765033,0.51282275390625,-1.25527041633848,6.26099348068237,2.6998234932083,3.10329047155775,"","No island rule","SP38"
"Siler et al. 2009","ES112","CC49","Luzon","Visayas","Amphibians","Anura","Dicroglossidae","Limnonectes woodworthi","Limnonectes woodworthi","Limnonectes visayanus","Both","SVL",25.6557243897827,60.0216080852999,1.55640282069951,4.53255554795849,13,20,0.849937912335832,0.000568223694850292,123.373,10.816,1.40918428147606,4.12801133257597,2.76342874234588,0.662301611328125,-1.56105699266669,26.6705360412598,1.95318313810441,3.29133537632826,"Phylogeny: McLeod, D. S. (2010). Of least concern? Systematics of a cryptic species complex: Limnonectes kuhlii (Amphibia: Anura: Dicroglossidae). Molecular Phylogenetics and Evolution, 56(3), 991-1000.","No island rule","SP39"
"Siqueira et al. 2006","ES113","CC50","Rio de Janeiro","Grande","Amphibians","Anura","Cycloramphidae","Thoropa miliaris","Thoropa miliaris","Thoropa miliaris","Both","Weight",11.77209302,12,4.003,9.9,43,33,0.0191749176471096,0.0233140281855491,-44.247,-23.141,1.07085368512254,2.27875360095283,0.491501766237326,0.83447255859375,-2.12152756650398,21.5135288238525,2.33314227275695,3.22514121229475,"","No island rule","SP7"
"Valenzuela-Sanchez et al. 2015","ES114","CC51","Chile","Chiloe","Amphibians","Anura","Rhinodermatidae","Rhinoderma darwinii","Rhinoderma darwinii","Rhinoderma darwinii","Both","SVL",1.35045659773991,1.51623052380593,0.134688224197111,0.172978577044918,706,305,0.115784580403402,5.67625391462023e-05,-73.75,-43.3333,0.13048063097815,3.92396896487547,0.361916618668643,0.7480259765625,-1.70512895360066,9.53515815734863,2.44783925331894,3.38479738837593,"","No island rule","SP40"
"Vences et al. 2010","ES115","CC52","Madagascar","Nosy Boraha (Sainte Marie)","Amphibians","Anura","Mantellidae","Blommersia dejongi","Blommersia dejongi","Blommersia dejongi","Both","SVL",0.727585690826506,0.769035709596327,0.0596740836900758,0.0622276265678034,5,5,0.0554056246468063,0.0026548374236295,49.8976,-16.9157,-0.138115850642359,2.34635297445064,0.793161529245551,0.742845703125,-1.92059620546142,24.2787647247314,2.29203151328862,3.5066403055665,"","No island rule","SP41"
"Vences et al. 2010","ES116","CC53","Madagascar","Nosy Boraha (Sainte Marie)","Amphibians","Anura","Mantellidae","Blommersia galani","Blommersia galani","Blommersia galani","Both","SVL",0.718360861739695,1.03365795059678,0.0496937855284656,0.0418992412033166,10,13,0.363887162467592,0.000604931394489781,49.8976,-16.9157,-0.143657337244857,2.34635297445064,0.793161529245551,0.742845703125,-1.92059620546142,24.2787647247314,2.29203151328862,3.5066403055665,"","No island rule","SP42"
"Castellano and Giacoma 1998","ES117","CC54","Italy","Corsica","Amphibians","Anura","Bufonidae","Bufotes viridis","Bufo viridis","Bufo viridis","Male","SVL",30.7684290910015,47.1265830784491,2.66717638959475,2.70120377549095,118,18,0.426348103616009,0.000246201065881339,9.12,42.1,1.4881053235297,3.93856975622106,1.90417978339357,0.627191943359375,-1.92281432857012,12.0827579498291,2.78330610180206,2.90464717566751,"","Island rule","SP9"
"Castellano and Giacoma 1998","ES118","CC54","Italy","Pellestrina","Amphibians","Anura","Bufonidae","Bufotes viridis","Bufo viridis","Bufo viridis","Male","SVL",30.7684290910015,33.7955161784047,2.66717638959475,2.28232082961884,118,10,0.0938390014809793,0.000519755039165632,12.301,45.273,1.4881053235297,0.477121254719662,0.740441644949766,0.243538330078125,-1.63648261303038,13.8071269989014,2.85138101134272,2.86451108105839,"","Island rule","SP9"
"Castellano and Giacoma 1998","ES119","CC54","Italy","Sardinia","Amphibians","Anura","Bufonidae","Bufotes viridis","Bufo viridis","Bufo viridis","Male","SVL",30.7684290910015,63.3360391683056,2.66717638959475,4.67296851674142,118,38,0.721965371525265,0.000206933013011013,9.034,40.029,1.4881053235297,4.37717871299024,2.33041580275792,0.58357021484375,-1.73602243300022,14.6707763671875,2.7816091878622,2.79781594063974,"","Island rule","SP9"
"Cordero-Rivera et al 2007","ES120","CC55","Spain (Galicia)","Ons ","Amphibians","Caudata","Salamandridae","Lissotriton boscai","Lissotriton boscai","Lissotriton boscai","Both","SVL",1.39288395105589,1.28469659256204,0.115614128111415,0.103834718024704,24,108,-0.0808538069511468,0.000347552058394547,-8.938,42.377,0.143914934431481,3.64914006414422,0.544192110765033,0.629724462890625,-1.95931358360986,13.9685983657837,2.57634078771776,3.20789449746847,"","Island rule","SP43"
"Cordero-Rivera et al 2007","ES121","CC55","Spain (Galicia)","Sálvora ","Amphibians","Caudata","Salamandridae","Lissotriton boscai","Lissotriton boscai","Lissotriton boscai","Both","SVL",1.39288395105589,1.19849060433217,0.115614128111415,0.107243218625171,24,7,-0.150313447342164,0.00143092398464322,-9.011,42.473,0.143914934431481,0.278753600952829,0.602168551378997,0.4625224609375,-1.40743204736586,14.7583332061768,2.47947067439774,3.1044871113124,"","Island rule","SP43"
"Cordero-Rivera et al 2007","ES122","CC56","Spain (Galicia)","Ons ","Amphibians","Caudata","Salamandridae","Salamandra salamandra","Salamandra salamandra","Salamandra salamandra","Both","Weight",27.058857142,25.1101801801802,8.30862923576407,8.6264212509855,105,111,-0.0747410388523354,0.00196120477226745,-8.938,42.377,1.43230944978546,3.64914006414422,0.544192110765033,0.629724462890625,-1.95931358360986,13.9685983657837,2.57634078771776,3.20789449746847,"","Island rule","SP11"
"Cordero-Rivera et al 2007","ES123","CC56","Spain (Galicia)","San Martiño","Amphibians","Caudata","Salamandridae","Salamandra salamandra","Salamandra salamandra","Salamandra salamandra","Both","Weight",27.026519915283,11.447,8.30135844835328,3.12474857935266,106,20,-0.859090916091015,0.00461582199538265,-8.904,42.1969,1.43179012713077,0.176091259055681,0.778223626766096,0.565661279296875,-1.77787888123048,14.2124996185303,2.52097877157485,3.18587066491676,"","Island rule","SP11"
"Glaw et al. 2019, Mori et al. 2015","ES124","CC57","Madagascar","Mayotte","Amphibians","Anura","Mantellidae","Boophis doulioti","Boophis doulioti","Boophis nauticus","Male","SVL",7.36719165482319,7.39489987143825,1.13466899974638,0.817788926959054,8,8,0.00375397335874436,0.00449385462171988,45.152,-12.801,0.867301968015529,2.57403126772772,2.47712270236552,0.721075146484375,-1.78140009051222,25.0633850097656,2.10900254419108,3.14802547558644,"Phylogeny: Glaw, F., Hawlitschek, O., Glaw, K. & Vences, M. Integrative evidence confirms new endemic island frogs and transmarine dispersal of amphibians between Madagascar and Mayotte (Comoros archipelago). Science of Nature 106, doi:10.1007/s00114-019-1618-9 (2019).","Island rule","SP44"
"Glaw et al. 2019, Tessa et al. 2017","ES125","CC58","Madagascar","Mayotte","Amphibians","Anura","Mantellidae","Boophis tephraeomystax","Boophis tephraeomystax","Boophis nauticus","Both","SVL",6.6199646732914,9.84547502520334,0.946757713901271,1.67400290536343,8,11,0.396921927754771,0.00518480719202659,45.152,-12.801,0.820855671881461,2.57403126772772,2.47712270236552,0.721075146484375,-1.78140009051222,25.0633850097656,2.10900254419108,3.14802547558644,"Phylogeny: Glaw, F., Hawlitschek, O., Glaw, K. & Vences, M. Integrative evidence confirms new endemic island frogs and transmarine dispersal of amphibians between Madagascar and Mayotte (Comoros archipelago). Science of Nature 106, doi:10.1007/s00114-019-1618-9 (2019).","Island rule","SP21"
"Glaw et al. 2019, Vences et al. 2010","ES126","CC59","Madagascar","Mayotte","Amphibians","Anura","Mantellidae","Blommersia wittei","Blommersia wittei","Blommersia transmarina","Both","SVL",1.08916157244417,2.06390688807816,0.0857103664922207,0.236959595965939,8,12,0.639192533573737,0.0018725584940383,45.152,-12.801,0.037092310257119,2.57403126772772,2.47712270236552,0.721075146484375,-1.78140009051222,25.0633850097656,2.10900254419108,3.14802547558644,"Phylogeny: Glaw, F., Hawlitschek, O., Glaw, K. & Vences, M. Integrative evidence confirms new endemic island frogs and transmarine dispersal of amphibians between Madagascar and Mayotte (Comoros archipelago). Science of Nature 106, doi:10.1007/s00114-019-1618-9 (2019).","Island rule","SP36"
"Rog et al. 2013","ES127","CC60","Panama","Cebaco","Amphibians","Anura","Leiuperidae","Engystomops pustulosus","Engystomops pustulosus","Engystomops pustulosus","Male","SVL",1.63248180998665,3.13289899339684,0.0664367786183351,0.121201291680725,48,7,0.651857332192069,0.000248312636204292,-81.139,7.558,0.212848350825252,1.90308998699194,0.81298016603948,0.747388232421875,-1.86061669442809,26.0541591644287,1.79926654379372,3.4628620103788,"","Island rule","SP1"
"Rog et al. 2013","ES128","CC60","Panama","Isla del Rey","Amphibians","Anura","Leiuperidae","Engystomops pustulosus","Engystomops pustulosus","Engystomops pustulosus","Male","SVL",1.63248180998665,2.42850419371132,0.0664367786183351,0.102652792868227,48,3,0.397174069996678,0.000630088153153667,-79.9088,8.387,0.212848350825252,2.36921585741014,1.5465550012143,0.625681494140625,-1.65931850456015,26.794864654541,1.75770345829251,3.32807649389725,"","Island rule","SP1"
"Rog et al. 2013","ES129","CC60","Panama","Isla Grande","Amphibians","Anura","Leiuperidae","Engystomops pustulosus","Engystomops pustulosus","Engystomops pustulosus","Male","SVL",1.63248180998665,3.42652763045195,0.0664367786183351,0.185739121653081,48,10,0.741445956086309,0.000328336238225793,-79.564,9.633,0.212848350825252,1.42488163663107,-0.258848401148215,0.62112607421875,-1.651040349464,26.5128993988037,1.89940918689388,3.35858197814465,"","Island rule","SP1"
"Rog et al. 2013","ES130","CC60","Panama","Pedro Gonzalez","Amphibians","Anura","Leiuperidae","Engystomops pustulosus","Engystomops pustulosus","Engystomops pustulosus","Male","SVL",1.63248180998665,3.47189271055393,0.0664367786183351,0.0977502078428498,48,7,0.754598455303902,0.00014774604856906,-79.1029,9.398,0.212848350825252,1.77597433112937,1.71181566186188,0.765176171875,-1.52171020121719,25.4382381439209,1.80725709836507,3.45150088782363,"","Island rule","SP1"
"Rog et al. 2013","ES131","CC60","Panama","Taboga","Amphibians","Anura","Leiuperidae","Engystomops pustulosus","Engystomops pustulosus","Engystomops pustulosus","Male","SVL",1.63248180998665,3.20016656597886,0.0664367786183351,0.148537547978764,48,10,0.673101420640833,0.000249945267234331,-79.5616,8.792,0.212848350825252,1.08278537031645,0.973174052682972,0.68233056640625,-1.45322335275867,27.1535415649414,1.69684396532959,3.33092083059524,"","Island rule","SP1"
"Rog et al. 2013","ES132","CC60","Panama","Coiba","Amphibians","Anura","Leptodactylidae","Engystomops pustulosus","Engystomops pustulosus","Engystomops pustulosus","Male","SVL",1.63248180998665,3.86787069727982,0.0664367786183351,0.0865375291514572,48,23,0.862602708522217,5.6268701040395e-05,-81.777,7.486,0.212848350825252,2.70156798505593,1.35220181965942,0.75677451171875,-1.38593273169804,25.4241352081299,1.80482134867223,3.42480816751817,"","Island rule","SP1"
"Shaidani 2017","ES133","CC61","Maine (USA)","Appledore","Amphibians","Caudata","Plethodontidae","Plethodon cinereus","Plethodon cinereus","Plethodon cinereus","Both","Weight",0.780204762,0.4965,0.1,0.0522911357950787,210,34,-0.451972917131891,0.000404469372488551,-70.614,42.988,-0.107791403288504,-0.397940008672038,1.00004342727686,0.4723720703125,-1.49056299711649,9.15416622161865,2.87383380068253,3.08457627793433,"","Island rule","SP45"
"Shaidani 2017","ES134","CC61","Maine (USA)","Baker Island","Amphibians","Caudata","Plethodontidae","Plethodon cinereus","Plethodon cinereus","Plethodon cinereus","Both","Weight",0.780204762,1.068,0.1,0.112481234701197,210,30,0.313986618903022,0.000447968191297828,-68.198,44.2416,-0.107791403288504,-1.52287874528034,0.699056854547668,0.480812353515625,-1.44442267214432,6.99342107772827,2.9021757518573,3.13305964275391,"","Island rule","SP45"
"Shaidani 2017","ES135","CC61","Maine (USA)","Bois Bubert Island","Amphibians","Caudata","Plethodontidae","Plethodon cinereus","Plethodon cinereus","Plethodon cinereus","Both","Weight",0.780204762,0.9393,0.1,0.0989266140026534,210,30,0.185578516383351,0.000447968191297828,-67.865,44.4367,-0.107791403288504,0.778151250383644,0.000434077479318593,0.5581486328125,-1.41389170334405,6.71992444992065,2.912402670458,3.11538413577037,"","Island rule","SP45"
"Shaidani 2017","ES136","CC61","Maine (USA)","Cross Island","Amphibians","Caudata","Plethodontidae","Plethodon cinereus","Plethodon cinereus","Plethodon cinereus","Both","Weight",0.780204762,1.1655,0.1,0.122749886745547,210,31,0.401349057858693,0.000436041095817865,-67.2975,44.609,-0.107791403288504,0.845098040014257,0.000434077479318593,0.6727935546875,-1.38688515532662,6.25275993347168,2.93813905135477,3.08838416879674,"","Island rule","SP45"
"Shaidani 2017","ES137","CC61","Maine (USA)","Crow island","Amphibians","Caudata","Plethodontidae","Plethodon cinereus","Plethodon cinereus","Plethodon cinereus","Both","Weight",0.780204762,1.1233,0.1,0.118305403501736,210,30,0.364469660030405,0.000447968191297828,-69.982,43.848,-0.107791403288504,-1.30102999566398,0.699056854547668,0.610496240234375,-1.39520955152527,7.70943880081177,2.96217906052517,3.06087528730007,"","Island rule","SP45"
"Shaidani 2017","ES138","CC61","Maine (USA)","Great Duck island","Amphibians","Caudata","Plethodontidae","Plethodon cinereus","Plethodon cinereus","Plethodon cinereus","Both","Weight",0.780204762,0.9183,0.1,0.0967149043315625,210,30,0.162967734002358,0.000447968191297828,-68.2498,44.152,-0.107791403288504,-0.0969100130080564,1.00004342727686,0.56380498046875,-1.49807985570705,7.08821773529053,2.89451728844387,3.14384199111013,"","Island rule","SP45"
"Shaidani 2017","ES139","CC61","Maine (USA)","Long island","Amphibians","Caudata","Plethodontidae","Plethodon cinereus","Plethodon cinereus","Plethodon cinereus","Both","Weight",0.780204762,0.676,0.1,0.0711959875074989,210,30,-0.143363324574154,0.000447968191297828,-70.16,43.6878,-0.107791403288504,0.778151250383644,0.699056854547668,0.524057861328125,-1.39035798457263,7.8782262802124,2.92185329614552,3.0595369329722,"","Island rule","SP45"
"Shaidani 2017","ES140","CC61","Maine (USA)","Matinicus island","Amphibians","Caudata","Plethodontidae","Plethodon cinereus","Plethodon cinereus","Plethodon cinereus","Both","Weight",0.780204762,1.1138,0.1,0.117304868174338,210,31,0.35597647053845,0.000436041095817865,-69.892,43.8636,-0.107791403288504,0.511883360978874,1.3617467179759,0.643802392578125,-1.41080347500388,7.77707099914551,2.95564823718308,3.06089795841338,"","Island rule","SP45"
"Shaidani 2017","ES141","CC61","Maine (USA)","Monhegan Island","Amphibians","Caudata","Plethodontidae","Plethodon cinereus","Plethodon cinereus","Plethodon cinereus","Both","Weight",0.780204762,0.8483,0.1,0.0893425387612594,210,30,0.0836779461965708,0.000447968191297828,-69.312,43.7644,-0.107791403288504,0.397940008672038,1.23047446736116,0.606283349609375,-1.43466407966477,7.67955017089844,2.9279478741377,3.07102457351396,"","Island rule","SP45"
"Shaidani 2017","ES142","CC61","Maine (USA)","Mount Desert Island","Amphibians","Caudata","Plethodontidae","Plethodon cinereus","Plethodon cinereus","Plethodon cinereus","Both","Weight",0.780204762,0.9268,0.1,0.0976101201508136,210,19,0.172181391941103,0.000662028168069795,-68.304,44.3875,-0.107791403288504,1,0.602168551378997,0.668637109375,-1.41621375820377,7.055091381073,2.95013585711644,3.124572676554,"","Island rule","SP45"
"Shaidani 2017","ES143","CC61","Maine (USA)","Petit Manan Island","Amphibians","Caudata","Plethodontidae","Plethodon cinereus","Plethodon cinereus","Plethodon cinereus","Both","Weight",0.780204762,1.9231,0.1,0.202539946117857,210,37,0.902137345699683,0.000378017388077505,-67.8656,44.3674,-0.107791403288504,-1.39794000867204,0.602168551378997,0.53497294921875,-1.37803413409698,6.83229160308838,2.89263766126523,3.12385164096709,"","Island rule","SP45"
"Shaidani 2017","ES144","CC61","Maine (USA)","Placentia Island","Amphibians","Caudata","Plethodontidae","Plethodon cinereus","Plethodon cinereus","Plethodon cinereus","Both","Weight",0.780204762,0.9662,0.1,0.101759708771813,210,27,0.213814451503188,0.000489050409062145,-68.3648,44.1917,-0.107791403288504,0.301029995663981,0.602168551378997,0.63416591796875,-1.4412051430878,6.93654441833496,2.90824373605859,3.12432811106384,"","Island rule","SP45"
"Shaidani 2017","ES145","CC61","Maine (USA)","Western Brothers Island","Amphibians","Caudata","Plethodontidae","Plethodon cinereus","Plethodon cinereus","Plethodon cinereus","Both","Weight",0.780204762,1.464,0.1,0.154187759927483,210,31,0.629371293904138,0.000436041095817865,-69.241,43.912,-0.107791403288504,-1.30102999566398,0.699056854547668,0.6383482421875,-1.46150883302297,7.43429565429688,2.92312266308437,3.07421282565938,"","Island rule","SP45"
"Wu et al 2006b","ES146","CC62","China (Zhejiang province)","Daishan","Amphibians","Anura","Dicroglossidae","Fejervarya limnocharis","Rana limnocharis","Rana limnocharis","Both","Weight",6.06471264367816,7.89295454545454,2.76216796749887,3.09433809969929,174,44,0.263483370036415,0.0046851895237347,122.187,30.28,0.782810228084468,2,1.56821346159708,0.354496875,-1.98108979192221,16.5334606170654,2.90113292885649,3.05979053033477,"","Island rule","SP10"
"Wu et al 2006b","ES147","CC62","China (Zhejiang province)","Fodu","Amphibians","Anura","Dicroglossidae","Fejervarya limnocharis","Rana limnocharis","Rana limnocharis","Both","Weight",6.06471264367816,6.38016129032258,2.76216796749887,2.52729006167356,174,62,0.0507062158214089,0.00372293334302462,122.018,29.736,0.782810228084468,0.845098040014257,0.845160077651946,0.391640258789063,-2.03877913237768,16.556058883667,2.89704666497602,3.1004911573089,"","Island rule","SP10"
"Wu et al 2006b","ES148","CC62","China (Zhejiang province)","Liuheng","Amphibians","Anura","Dicroglossidae","Fejervarya limnocharis","Rana limnocharis","Rana limnocharis","Both","Weight",6.06471264367816,7.45603448275862,2.76216796749887,2.01721967740002,174,58,0.206536540375537,0.00245415817518737,122.147,29.708,0.782810228084468,1.96731391828708,0.845160077651946,0.35606962890625,-1.88555673896455,16.6010551452637,2.89329762064745,3.10157524625593,"","Island rule","SP10"
"Wu et al 2006b","ES149","CC62","China (Zhejiang province)","Mayi","Amphibians","Anura","Dicroglossidae","Fejervarya limnocharis","Rana limnocharis","Rana limnocharis","Both","Weight",6.06471264367816,10.068,2.76216796749887,2.4213371243645,174,50,0.506874915442505,0.0023489376714786,122.258,29.871,0.782810228084468,0.845098040014257,0.845160077651946,0.361122216796875,-1.89658049072625,16.5482521057129,2.89062538683623,3.1012313867907,"","Island rule","SP10"
"Wu et al 2006b","ES150","CC62","China (Zhejiang province)","Taohua","Amphibians","Anura","Dicroglossidae","Fejervarya limnocharis","Rana limnocharis","Rana limnocharis","Both","Weight",6.06471264367816,7.09673469387755,2.76216796749887,2.88262422935894,174,49,0.157147614158452,0.00455930175819434,122.232,29.818,0.782810228084468,1.61278385671974,0.944532020991981,0.361122216796875,-1.89658049072625,16.5482521057129,2.89062538683623,3.1012313867907,"","Island rule","SP10"
"Wu et al 2006b","ES151","CC62","China (Zhejiang province)","Xiashi","Amphibians","Anura","Dicroglossidae","Fejervarya limnocharis","Rana limnocharis","Rana limnocharis","Both","Weight",6.06471264367816,9.29647058823529,2.76216796749887,3.31118845491422,174,34,0.427147659656409,0.00492338447850369,122.26,29.743,0.782810228084468,1.22271647114758,1.12060683105677,0.354645043945313,-1.75885052652849,16.4318161010742,2.88477473136339,3.10183296230458,"","Island rule","SP10"
"Wu et al 2006b","ES152","CC62","China (Zhejiang province)","Zhoushan","Amphibians","Anura","Dicroglossidae","Fejervarya limnocharis","Rana limnocharis","Rana limnocharis","Both","Weight",6.06471264367816,4.86522388059702,2.76216796749887,1.51830683028611,174,67,-0.220374428629217,0.00264572776002383,122.121,30.059,0.782810228084468,2.67089495352021,0.954290761701127,0.478612109375,-1.93870371041364,16.4111042022705,2.90208705528113,3.10209739847876,"","Island rule","SP10"
"Wu et al 2006n","ES153","CC63","China (Zhejiang province)","Daishan","Amphibians","Anura","Dicroglossidae","Fejervarya limnocharis","Rana limnocharis","Rana limnocharis","Both","Weight",5.88727272727273,10.6490909090909,1.44270849177968,2.5646364789701,99,55,0.5926816718522,0.00166112977786821,122.187,30.28,0.769914154923111,2,1.56821346159708,0.354496875,-1.98108979192221,16.5334606170654,2.90113292885649,3.05979053033477,"","Island rule","SP10"
"Wu et al 2006n","ES154","CC63","China (Zhejiang province)","Fodu","Amphibians","Anura","Dicroglossidae","Fejervarya limnocharis","Rana limnocharis","Rana limnocharis","Both","Weight",5.88727272727273,7.77540540540541,1.44270849177968,2.17158492373091,99,37,0.278172742869207,0.00271475876414063,122.018,29.736,0.769914154923111,0.845098040014257,0.845160077651946,0.391640258789063,-2.03877913237768,16.556058883667,2.89704666497602,3.1004911573089,"","Island rule","SP10"
"Wu et al 2006n","ES155","CC63","China (Zhejiang province)","Liuheng","Amphibians","Anura","Dicroglossidae","Fejervarya limnocharis","Rana limnocharis","Rana limnocharis","Both","Weight",5.88727272727273,7.0072602739726,1.44270849177968,2.00492259489856,99,73,0.174153937538714,0.00172802733501338,122.147,29.708,0.769914154923111,1.96731391828708,0.845160077651946,0.35606962890625,-1.88555673896455,16.6010551452637,2.89329762064745,3.10157524625593,"","Island rule","SP10"
"Wu et al 2006n","ES156","CC63","China (Zhejiang province)","Mayi","Amphibians","Anura","Dicroglossidae","Fejervarya limnocharis","Rana limnocharis","Rana limnocharis","Both","Weight",5.88727272727273,10.2443902439024,1.44270849177968,1.7944108345577,99,41,0.553937406475906,0.00135490836674509,122.258,29.871,0.769914154923111,0.845098040014257,0.845160077651946,0.361122216796875,-1.89658049072625,16.5482521057129,2.89062538683623,3.1012313867907,"","Island rule","SP10"
"Wu et al 2006n","ES157","CC63","China (Zhejiang province)","Taohua","Amphibians","Anura","Dicroglossidae","Fejervarya limnocharis","Rana limnocharis","Rana limnocharis","Both","Weight",5.88727272727273,8.9778947368421,1.44270849177968,2.10136398129596,99,38,0.421972559713458,0.00204827138330548,122.232,29.818,0.769914154923111,1.61278385671974,0.944532020991981,0.361122216796875,-1.89658049072625,16.5482521057129,2.89062538683623,3.1012313867907,"","Island rule","SP10"
"Wu et al 2006n","ES158","CC63","China (Zhejiang province)","Xiashi","Amphibians","Anura","Dicroglossidae","Fejervarya limnocharis","Rana limnocharis","Rana limnocharis","Both","Weight",5.88727272727273,9.93,1.44270849177968,2.68219027686124,99,48,0.522767622046017,0.00212657325957574,122.26,29.743,0.769914154923111,1.22271647114758,1.12060683105677,0.354645043945313,-1.75885052652849,16.4318161010742,2.88477473136339,3.10183296230458,"","Island rule","SP10"
"Wu et al 2006n","ES159","CC63","China (Zhejiang province)","Zhoushan","Amphibians","Anura","Dicroglossidae","Fejervarya limnocharis","Rana limnocharis","Rana limnocharis","Both","Weight",5.88727272727273,6.33785714285714,1.44270849177968,1.47511566803474,99,56,0.073747865220923,0.00157392799364173,122.121,30.059,0.769914154923111,2.67089495352021,0.954290761701127,0.478612109375,-1.93870371041364,16.4111042022705,2.90208705528113,3.10209739847876,"","Island rule","SP10"
"Xu et al. 2013","ES160","CC64","China (Zhejiang province)","Cezi","Amphibians","Anura","Dicroglossidae","Fejervarya limnocharis","Fejervarya limnocharis","Fejervarya limnocharis","Female","SVL",4.54570424895353,5.25526058471084,0.316588048269014,0.354521547381286,125,30,0.145046925165171,0.000190500496186369,121.934,30.095,0.657601176389883,1.17318626841227,1.21751026429403,0.46007119140625,-1.7936277826656,16.3729953765869,2.90136442176682,3.08913118693145,"","Island rule","SP10"
"Xu et al. 2013","ES161","CC64","China (Zhejiang province)","Changbai","Amphibians","Anura","Dicroglossidae","Fejervarya limnocharis","Fejervarya limnocharis","Fejervarya limnocharis","Female","SVL",4.54570424895353,5.50171071097787,0.316588048269014,0.345706516557778,125,27,0.190876416344942,0.000185040542839209,122.035,30.181,0.657601176389883,1.01029995663981,1.57519939515923,0.3764142578125,-1.95207443986358,16.3839740753174,2.90145522832044,3.08421510584641,"","Island rule","SP10"
"Xu et al. 2013","ES162","CC64","China (Zhejiang province)","Dachangtu","Amphibians","Anura","Dicroglossidae","Fejervarya limnocharis","Fejervarya limnocharis","Fejervarya limnocharis","Female","SVL",4.54570424895353,4.80891557446733,0.316588048269014,0.37642454904678,125,31,0.0562889405150949,0.000236455407652677,122.339,30.252,0.657601176389883,1.52244423350632,1.57519939515923,0.33103955078125,-1.76820927592597,16.4136009216309,2.89318285521788,3.05823616894277,"","Island rule","SP10"
"Xu et al. 2013","ES163","CC64","China (Zhejiang province)","Daishan","Amphibians","Anura","Dicroglossidae","Fejervarya limnocharis","Fejervarya limnocharis","Fejervarya limnocharis","Female","SVL",4.54570424895353,4.51624794904721,0.316588048269014,0.453268774917374,125,34,-0.0065011165384651,0.000335066821557655,122.187,30.28,0.657601176389883,2,1.56821346159708,0.354496875,-1.98108979192221,16.5334606170654,2.90113292885649,3.05979053033477,"","Island rule","SP10"
"Xu et al. 2013","ES164","CC64","China (Zhejiang province)","Damao","Amphibians","Anura","Dicroglossidae","Fejervarya limnocharis","Fejervarya limnocharis","Fejervarya limnocharis","Female","SVL",4.54570424895353,6.66036614800832,0.316588048269014,0.708843391011251,125,23,0.381991794328842,0.000531270345521998,122.04,29.95,0.657601176389883,0.755874855672491,0.944532020991981,0.40530107421875,-1.87741305401926,16.3550586700439,2.88981287142187,3.10539777956291,"","Island rule","SP10"
"Xu et al. 2013","ES165","CC64","China (Zhejiang province)","Daxie","Amphibians","Anura","Dicroglossidae","Fejervarya limnocharis","Fejervarya limnocharis","Fejervarya limnocharis","Female","SVL",4.54570424895353,4.21089293922365,0.316588048269014,0.299898832769583,125,28,-0.0765079411082724,0.000219956009648522,121.967,29.918,0.657601176389883,1.45024910831936,-0.396855627379818,0.399638330078125,-1.85949311737401,16.5767021179199,2.90094963019386,3.10341370172903,"","Island rule","SP10"
"Xu et al. 2013","ES166","CC64","China (Zhejiang province)","Dayushan","Amphibians","Anura","Dicroglossidae","Fejervarya limnocharis","Fejervarya limnocharis","Fejervarya limnocharis","Female","SVL",4.54570424895353,6.60636191414899,0.316588048269014,0.437881263131815,125,27,0.373850445249189,0.000201517758528619,121.967,30.314,0.657601176389883,0.792391689498254,1.63145391596197,0.199661145019531,-1.55459526431493,16.2268409729004,2.89344271177867,3.04161764918109,"","Island rule","SP10"
"Xu et al. 2013","ES167","CC64","China (Zhejiang province)","Dengbu","Amphibians","Anura","Dicroglossidae","Fejervarya limnocharis","Fejervarya limnocharis","Fejervarya limnocharis","Female","SVL",4.54570424895353,5.63664118405218,0.316588048269014,0.770062845576651,125,44,0.215105687475504,0.000462992509075243,122.318,29.868,0.657601176389883,1.12417805547468,1.14924991259028,0.3915125,-1.70720525993007,16.4728832244873,2.88466484719912,3.09642680373778,"","Island rule","SP10"
"Xu et al. 2013","ES168","CC64","China (Zhejiang province)","Fodu","Amphibians","Anura","Dicroglossidae","Fejervarya limnocharis","Fejervarya limnocharis","Fejervarya limnocharis","Female","SVL",4.54570424895353,6.82420123634795,0.316588048269014,0.63811118099367,125,32,0.406292633363872,0.000312040745804016,122.018,29.736,0.657601176389883,0.845098040014257,0.845160077651946,0.391640258789063,-2.03877913237768,16.556058883667,2.89704666497602,3.1004911573089,"","Island rule","SP10"
"Xu et al. 2013","ES169","CC64","China (Zhejiang province)","Huni","Amphibians","Anura","Dicroglossidae","Fejervarya limnocharis","Fejervarya limnocharis","Fejervarya limnocharis","Female","SVL",4.54570424895353,6.70477684354016,0.316588048269014,0.516344883353093,125,29,0.38863756819217,0.000243313333988959,122.185,29.793,0.657601176389883,0.136720567156407,1.0366688103001,0.35606962890625,-1.88555673896455,16.6010551452637,2.89329762064745,3.10157524625593,"","Island rule","SP10"
"Xu et al. 2013","ES170","CC64","China (Zhejiang province)","Jintang","Amphibians","Anura","Dicroglossidae","Fejervarya limnocharis","Fejervarya limnocharis","Fejervarya limnocharis","Female","SVL",4.54570424895353,4.68414446424884,0.316588048269014,0.437106539980034,125,40,0.0300006214376699,0.000256501823095942,121.887,30.025,0.657601176389883,1.88309335857569,0.556423121371285,0.369833959960938,-1.83497391057296,16.3423938751221,2.90046384427496,3.08498357829911,"","Island rule","SP10"
"Xu et al. 2013","ES171","CC64","China (Zhejiang province)","Liuheng","Amphibians","Anura","Dicroglossidae","Fejervarya limnocharis","Fejervarya limnocharis","Fejervarya limnocharis","Female","SVL",4.54570424895353,4.47118753528857,0.316588048269014,0.397672130812051,125,38,-0.016528624698877,0.000246975358244932,122.147,29.708,0.657601176389883,1.96731391828708,0.845160077651946,0.35606962890625,-1.88555673896455,16.6010551452637,2.89329762064745,3.10157524625593,"","Island rule","SP10"
"Xu et al. 2013","ES172","CC64","China (Zhejiang province)","Meishan","Amphibians","Anura","Dicroglossidae","Fejervarya limnocharis","Fejervarya limnocharis","Fejervarya limnocharis","Female","SVL",4.54570424895353,5.33091402561093,0.316588048269014,0.443584697933551,125,31,0.159340044566262,0.000262155097522751,121.99,29.792,0.657601176389883,1.33965015761368,-0.300162274132754,0.375350048828125,-1.95206788237081,16.4115219116211,2.902648417179,3.10568046294581,"","Island rule","SP10"
"Xu et al. 2013","ES173","CC64","China (Zhejiang province)","Qushan","Amphibians","Anura","Dicroglossidae","Fejervarya limnocharis","Fejervarya limnocharis","Fejervarya limnocharis","Female","SVL",4.54570424895353,4.76968191550109,0.316588048269014,0.482820561998577,125,33,0.0480969524047336,0.000349316266244534,122.355,30.444,0.657601176389883,1.77742682238931,1.76716328985603,0.387664770507813,-1.86985319681381,16.2876834869385,2.89710206509052,3.02596089986873,"","Island rule","SP10"
"Xu et al. 2013","ES174","CC64","China (Zhejiang province)","Sijiao","Amphibians","Anura","Dicroglossidae","Fejervarya limnocharis","Fejervarya limnocharis","Fejervarya limnocharis","Female","SVL",4.54570424895353,4.8721505999234,0.316588048269014,0.268475540930264,125,57,0.0693527753534858,9.20753020308117e-05,122.453,30.713,0.657601176389883,1.34830486304816,1.42815099874445,0.314744482421875,-1.75942123676567,16.2655200958252,2.89397688113925,2.99295097134684,"","Island rule","SP10"
"Xu et al. 2013","ES175","CC64","China (Zhejiang province)","Taohua","Amphibians","Anura","Dicroglossidae","Fejervarya limnocharis","Fejervarya limnocharis","Fejervarya limnocharis","Female","SVL",4.54570424895353,4.97612455784956,0.316588048269014,0.492089007738907,125,48,0.0904687209550769,0.000242538058786516,122.232,29.818,0.657601176389883,1.61278385671974,0.944532020991981,0.361122216796875,-1.89658049072625,16.5482521057129,2.89062538683623,3.1012313867907,"","Island rule","SP10"
"Xu et al. 2013","ES176","CC64","China (Zhejiang province)","Xiaochangtu","Amphibians","Anura","Dicroglossidae","Fejervarya limnocharis","Fejervarya limnocharis","Fejervarya limnocharis","Female","SVL",4.54570424895353,6.35991232757467,0.316588048269014,0.361172866464278,125,28,0.33583192639379,0.000153982123833827,122.281,30.259,0.657601176389883,1.03342375548695,1.49277435325513,0.283958203125,-1.75876043687379,16.5188236236572,2.89730452279937,3.05994188806195,"","Island rule","SP10"
"Xu et al. 2013","ES177","CC64","China (Zhejiang province)","Xiashi","Amphibians","Anura","Dicroglossidae","Fejervarya limnocharis","Fejervarya limnocharis","Fejervarya limnocharis","Female","SVL",4.54570424895353,5.13081916293591,0.316588048269014,0.419234849145437,125,22,0.121082661428543,0.000342276035418328,122.26,29.743,0.657601176389883,1.22271647114758,1.12060683105677,0.354645043945313,-1.75885052652849,16.4318161010742,2.88477473136339,3.10183296230458,"","Island rule","SP10"
"Xu et al. 2013","ES178","CC64","China (Zhejiang province)","Xiushan","Amphibians","Anura","Dicroglossidae","Fejervarya limnocharis","Fejervarya limnocharis","Fejervarya limnocharis","Female","SVL",4.54570424895353,5.08161581097105,0.316588048269014,0.35278385454611,125,35,0.111446618150994,0.000176507744552208,122.164,30.173,0.657601176389883,1.36172783601759,1.73640447090963,0.381020068359375,-1.92486069502781,16.4867877960205,2.89974945456458,3.08357067597008,"","Island rule","SP10"
"Xu et al. 2013","ES179","CC64","China (Zhejiang province)","Zhoushan","Amphibians","Anura","Dicroglossidae","Fejervarya limnocharis","Fejervarya limnocharis","Fejervarya limnocharis","Female","SVL",4.54570424895353,3.91322575213453,0.316588048269014,0.619221693241517,125,26,-0.149820631473395,0.00100185476008944,122.121,30.059,0.657601176389883,2.67089495352021,0.954290761701127,0.478612109375,-1.93870371041364,16.4111042022705,2.90208705528113,3.10209739847876,"","Island rule","SP10"
