Reference,ID,CommonControl,Mainland,Island,Class,Order,Family,Binomial,Species_main,Species_island,Mean_m,Mean_i,sd_m,sd_i,N_m,N_i,RR,var,Long_i,Lat_i,logmass,Island_km2,Dist_near_mainland,NDVI,SDNDVI,tmean,tseas,prec,SPID
Arntzen and Garcia-Paris 1995,ES1,CC1,Spain (South),Mallorca,Amphibians,Anura,Alytidae,Alytes dickhilleni,Alytes dickhilleni,Alytes mustelensis,7.93329827,3.174321617,0.606770321,0.211296868,53,30,-0.915974927,0.000258068,2.9951,39.7104,0.899453783,3.561101384,2.240551744,0.481166992,-2.031902789,15.66391087,2.754050401,2.770730376,SP1
"Cumbo et al 2010, Oromi et al. 2016",ES2,CC2,Argelia,Sicily,Amphibians,Anura,Alytidae,Discoglossus pictus,Discoglossus pictus,Discoglossus pictus,5.969974892,18.69973559,1.371377187,1.916023919,66,70,1.141766662,0.000949492,14.275,37.481,0.775972505,4.405858399,0.491501766,0.48783291,-1.749154229,15.4296608,2.769870765,2.709182665,SP2
Blackburn 2010,ES3,CC3,Cameroon,Bioko,Amphibians,Anura,Arthroleptina,Arthroleptis poecilonotus,Arthroleptis poecilonotus,Arthroleptis bioko,1.37460957,2.482130675,0.022530988,0.250515906,4,5,0.590947593,0.002104448,8.7,3.5,0.138179363,3.304705898,1.623259631,0.507468408,-1.416707527,23.47450447,1.916617499,3.400210167,SP3
Kang et al. 2017,ES4,CC4,Korea,Cheju Do,Amphibians,Anura,Bombinatorina,Bombina orientalis,Bombina orientalis,Bombina orientalis,7.727,5.663,2.202,1.561,210,27,-0.310766902,0.003200878,126.591,33.377,0.888010912,3.261500773,1.913819149,0.607816064,-1.817432601,14.36646843,2.883542154,3.271504877,SP4
Castellano and Giacoma 1998,ES5,CC5,Italy,Corsica,Amphibians,Anura,Bufonidae,Bufotes viridis,Bufo viridis,Bufo viridis,30.76842909,47.12658308,2.66717639,2.701203775,118,18,0.426348104,0.000246201,9.12,42.1,1.488105324,3.938569756,1.904179783,0.627191943,-1.922814329,12.08275795,2.783306102,2.904647176,SP5
Castellano and Giacoma 1998,ES6,CC5,Italy,Pellestrina,Amphibians,Anura,Bufonidae,Bufotes viridis,Bufo viridis,Bufo viridis,30.76842909,33.79551618,2.66717639,2.28232083,118,10,0.093839001,0.000519755,12.301,45.273,1.488105324,0.477121255,0.740441645,0.24353833,-1.636482613,13.807127,2.851381011,2.864511081,SP5
Castellano and Giacoma 1998,ES7,CC5,Italy,Sardinia,Amphibians,Anura,Bufonidae,Bufotes viridis,Bufo viridis,Bufo viridis,30.76842909,63.33603917,2.66717639,4.672968517,118,38,0.721965372,0.000206933,9.034,40.029,1.488105324,4.377178713,2.330415803,0.583570215,-1.736022433,14.67077637,2.781609188,2.797815941,SP5
Castellano et al 1999,ES8,CC6,Italy,Sardinia,Amphibians,Anura,Bufonidae,Bufotes viridis,Bufo viridis,Bufo viridis,26.78800778,63.53630107,2.1456414,4.234734215,369,109,0.863657097,5.81E-05,9.034,40.029,1.427940416,4.377178713,2.330415803,0.583570215,-1.736022433,14.67077637,2.781609188,2.797815941,SP5
Clark 1967,ES9,CC7,Mainland Greece (North),Spetsai,Amphibians,Anura,Bufonidae,Bufotes viridis,Bufo viridis,Bufo viridis viridis,30.8293399,24.57721924,3.922774781,5.213647442,115,2,-0.226646864,0.022641062,23.134,37.258,1.488964226,1.346352974,0.361916619,0.456665723,-1.897865735,17.63490295,2.766046948,2.696137876,SP5
Kutrup et al 2011,ES10,CC8,Turkey,Giresun,Amphibians,Anura,Bufonidae,Bufotes viridis,Bufo viridis,Bufo viridis,34.91093336,53.35551448,3.193979009,4.256309483,44,56,0.42417728,0.000303871,38.437,40.929,1.54296146,-1.397940009,0.146438135,0.612859766,-1.684708424,14.34231758,2.771119832,3.069364671,SP5
Lo Valvo and Giacalone 2008,ES11,CC9,Italy,Sicily,Amphibians,Anura,Bufonidae,Bufotes viridis,Bufo viridis,Bufo siculus,26.78800778,45.10554072,2.1456414,3.046912846,369,354,0.521050777,3.03E-05,14.275,37.481,1.427940416,4.405858399,0.491501766,0.48783291,-1.749154229,15.4296608,2.769870765,2.709182665,SP5
Montesinos et al. 2012,ES12,CC10,Brazil (Rio de Janeiro),Grande,Amphibians,Anura,Bufonidae,Rhinella ornata,Rhinella ornata,Rhinella ornata,34.13801225,22.05567911,2.015892269,1.402801012,87,29,-0.436841367,0.000179574,-44.247,-23.141,1.53323823,2.278753601,0.491501766,0.834472559,-2.121527567,21.51352882,2.333142273,3.225141212,SP6
Montesinos et al. 2012,ES13,CC11,Seropédica (Rio Janeiro),Itacurucá,Amphibians,Anura,Bufonidae,Rhinella ornata,Rhinella ornata,Rhinella ornata,34.13801225,37.73655158,2.015892269,2.007563698,87,31,0.100217671,0.000131377,-43.891,-22.891,1.53323823,1,-0.655607726,0.728447998,-2.064691638,21.68714333,2.344099276,3.156969921,SP6
Montesinos et al. 2012,ES14,CC11,Seropédica (Rio Janeiro),Marambaia,Amphibians,Anura,Bufonidae,Rhinella ornata,Rhinella ornata,Rhinella ornata,34.13801225,25.36236991,2.015892269,1.374521605,87,30,-0.297144916,0.000137985,-43.789,-23.061,1.53323823,1.62324929,0.98231647,0.567623486,-1.94029244,23.35488129,2.306326187,3.110252917,SP6
Reboucas et al 2019,ES15,CC12,Brazi,Grande,Amphibians,Anura,Bufonidae,Rhinella ornata,Rhinella ornata,Rhinella ornata,33.64565318,21.65344986,3.996516355,1.890643791,39,20,-0.440719082,0.000742961,-44.247,-23.141,1.526928964,2.278753601,0.491501766,0.834472559,-2.121527567,21.51352882,2.333142273,3.225141212,SP6
Reboucas et al 2019,ES16,CC12,Brazi,Itacurucá,Amphibians,Anura,Bufonidae,Rhinella ornata,Rhinella ornata,Rhinella ornata,33.64565318,35.74256237,3.996516355,3.162553299,39,27,0.060458332,0.000651738,-43.891,-22.891,1.526928964,1,-0.655607726,0.728447998,-2.064691638,21.68714333,2.344099276,3.156969921,SP6
Reboucas et al 2019,ES17,CC12,Brazi,Marambaia,Amphibians,Anura,Bufonidae,Rhinella ornata,Rhinella ornata,Rhinella ornata,33.64565318,25.87755745,3.996516355,3.491527458,39,21,-0.262507785,0.001228669,-43.789,-23.061,1.526928964,1.62324929,0.98231647,0.567623486,-1.94029244,23.35488129,2.306326187,3.110252917,SP6
"Salvido et al. 1993, Hemelaar 1988",ES18,CC13,Norway,Hitra,Amphibians,Anura,Bufonidae,Bufo bufo,Bufo bufo,Bufo bufo,31.76947838,35.72882531,1.651382577,2.307552101,1012,29,0.117451765,0.000146506,8.7022,63.5344,1.502010084,2.832764305,0.544192111,0.512822754,-1.255270416,6.260993481,2.699823493,3.103290472,SP7
Reboucas et al. 2018,ES19,CC14,Rio de Janeiro,Grande,Amphibians,Anura,Cycloramphidae,Thoropa miliaris,Thoropa miliaris,Thoropa miliaris,19.06935202,15.49910121,2.867070408,2.284382455,34,26,-0.207300404,0.001500363,-44.247,-23.141,1.280335936,2.278753601,0.491501766,0.834472559,-2.121527567,21.51352882,2.333142273,3.225141212,SP8
Reboucas et al. 2018,ES20,CC14,Rio de Janeiro,Itacurucá,Amphibians,Anura,Cycloramphidae,Thoropa miliaris,Thoropa miliaris,Thoropa miliaris,19.06935202,15.68428326,2.867070408,1.982400115,34,19,-0.195423295,0.001505667,-43.891,-22.891,1.280335936,1,-0.655607726,0.728447998,-2.064691638,21.68714333,2.344099276,3.156969921,SP8
Reboucas et al. 2018,ES21,CC14,Rio de Janeiro,Marambaia,Amphibians,Anura,Cycloramphidae,Thoropa miliaris,Thoropa miliaris,Thoropa miliaris,19.06935202,18.02640443,2.867070408,2.309432596,34,32,-0.056244844,0.001177765,-43.789,-23.061,1.280335936,1.62324929,0.98231647,0.567623486,-1.94029244,23.35488129,2.306326187,3.110252917,SP8
Siqueira et al. 2006,ES22,CC15,Rio de Janeiro,Grande,Amphibians,Anura,Cycloramphidae,Thoropa miliaris,Thoropa miliaris,Thoropa miliaris,11.77209302,12,4.003,9.9,43,33,0.019174918,0.023314028,-44.247,-23.141,1.070853685,2.278753601,0.491501766,0.834472559,-2.121527567,21.51352882,2.333142273,3.225141212,SP8
Brown et al. 2010,ES23,CC16,Panama,Cayo Agua,Amphibians,Anura,Dendrobatidae,Oophaga pumilio,Oophaga pumilio,Oophaga pumilio,0.408032504,0.429444733,0.009311896,0.023482561,57,34,0.05114622,9.71E-05,-82.039,9.1518,-0.38930524,1.190331698,0.342620043,0.672026611,-1.609722306,25.94358444,1.688088722,3.463543609,SP9
Brown et al. 2010,ES24,CC16,Panama,Pastores,Amphibians,Anura,Dendrobatidae,Oophaga pumilio,Oophaga pumilio,Oophaga pumilio,0.408032504,0.424352589,0.009311896,0.018300129,57,22,0.03921785,9.37E-05,-82.339,9.237,-0.38930524,0.380211242,-0.096367484,0.763761377,-1.624224596,25.43827057,1.697554168,3.454867702,SP9
Brown et al. 2010,ES25,CC16,Panama,San Cristobal,Amphibians,Anura,Dendrobatidae,Oophaga pumilio,Oophaga pumilio,Oophaga pumilio,0.408032504,0.578788637,0.009311896,0.012685032,57,16,0.349590526,3.92E-05,-82.2688,9.2597,-0.38930524,1.593286067,-0.221125528,0.766273779,-1.644535039,25.80436897,1.697870319,3.444513206,SP9
Hon Tjong et al. 2011,ES26,CC17,Honshu (Hiroshima),Kyushu (Kumamoto),Amphibians,Anura,Dicroglossidae,Fejervarya kawamurai,Fejervarya kawamurai,Fejervarya kawamurai,5.508057599,5.153548495,0.328209161,0.451393813,10,10,-0.066526532,0.001122244,131.0378,32.746,0.740998473,4.564890845,-0.045275209,0.742241846,-2.063161512,14.04964352,2.887310745,3.395333604,SP10
Hon Tjong et al. 2011,ES27,CC17,Honshu (Hiroshima),Okinawajima,Amphibians,Anura,Dicroglossidae,Fejervarya kawamurai,Fejervarya kawamurai,Fejervarya kawamurai,5.508057599,5.855286337,0.328209161,0.243253794,10,7,0.061132862,0.000601624,127.9278,26.4794,0.740998473,3.081700074,2.763428742,0.483222998,-1.490924616,22.89743233,2.650553076,3.320220094,SP10
Hon Tjong et al. 2011,ES28,CC17,Honshu (Hiroshima),Yoronjima Islands,Amphibians,Anura,Dicroglossidae,Fejervarya kawamurai,Fejervarya kawamurai,Fejervarya kawamurai,5.508057599,8.022734392,0.328209161,0.740998885,10,12,0.376067272,0.001065963,128.432,27.0425,0.740998473,1.318063335,2.681242142,0.443155078,-1.558095158,22.68047714,2.669671575,3.315991346,SP10
Xu et al. 2013,ES29,CC18,China (Zhejiang province),Cezi,Amphibians,Anura,Dicroglossidae,Fejervarya limnocharis,Fejervarya limnocharis,Fejervarya limnocharis,4.545704249,5.255260585,0.316588048,0.354521547,125,30,0.145046925,0.0001905,121.934,30.095,0.657601176,1.173186268,1.217510264,0.460071191,-1.793627783,16.37299538,2.901364422,3.089131187,SP11
Xu et al. 2013,ES30,CC18,China (Zhejiang province),Changbai,Amphibians,Anura,Dicroglossidae,Fejervarya limnocharis,Fejervarya limnocharis,Fejervarya limnocharis,4.545704249,5.501710711,0.316588048,0.345706517,125,27,0.190876416,0.000185041,122.035,30.181,0.657601176,1.010299957,1.575199395,0.376414258,-1.95207444,16.38397408,2.901455228,3.084215106,SP11
Xu et al. 2013,ES31,CC18,China (Zhejiang province),Dachangtu,Amphibians,Anura,Dicroglossidae,Fejervarya limnocharis,Fejervarya limnocharis,Fejervarya limnocharis,4.545704249,4.808915574,0.316588048,0.376424549,125,31,0.056288941,0.000236455,122.339,30.252,0.657601176,1.522444234,1.575199395,0.331039551,-1.768209276,16.41360092,2.893182855,3.058236169,SP11
Xu et al. 2013,ES32,CC18,China (Zhejiang province),Daishan,Amphibians,Anura,Dicroglossidae,Fejervarya limnocharis,Fejervarya limnocharis,Fejervarya limnocharis,4.545704249,4.516247949,0.316588048,0.453268775,125,34,-0.006501117,0.000335067,122.187,30.28,0.657601176,2,1.568213462,0.354496875,-1.981089792,16.53346062,2.901132929,3.05979053,SP11
Xu et al. 2013,ES33,CC18,China (Zhejiang province),Damao,Amphibians,Anura,Dicroglossidae,Fejervarya limnocharis,Fejervarya limnocharis,Fejervarya limnocharis,4.545704249,6.660366148,0.316588048,0.708843391,125,23,0.381991794,0.00053127,122.04,29.95,0.657601176,0.755874856,0.944532021,0.405301074,-1.877413054,16.35505867,2.889812871,3.10539778,SP11
Xu et al. 2013,ES34,CC18,China (Zhejiang province),Daxie,Amphibians,Anura,Dicroglossidae,Fejervarya limnocharis,Fejervarya limnocharis,Fejervarya limnocharis,4.545704249,4.210892939,0.316588048,0.299898833,125,28,-0.076507941,0.000219956,121.967,29.918,0.657601176,1.450249108,-0.396855627,0.39963833,-1.859493117,16.57670212,2.90094963,3.103413702,SP11
Xu et al. 2013,ES35,CC18,China (Zhejiang province),Dayushan,Amphibians,Anura,Dicroglossidae,Fejervarya limnocharis,Fejervarya limnocharis,Fejervarya limnocharis,4.545704249,6.606361914,0.316588048,0.437881263,125,27,0.373850445,0.000201518,121.967,30.314,0.657601176,0.792391689,1.631453916,0.199661145,-1.554595264,16.22684097,2.893442712,3.041617649,SP11
Xu et al. 2013,ES36,CC18,China (Zhejiang province),Dengbu,Amphibians,Anura,Dicroglossidae,Fejervarya limnocharis,Fejervarya limnocharis,Fejervarya limnocharis,4.545704249,5.636641184,0.316588048,0.770062846,125,44,0.215105687,0.000462993,122.318,29.868,0.657601176,1.124178055,1.149249913,0.3915125,-1.70720526,16.47288322,2.884664847,3.096426804,SP11
Xu et al. 2013,ES37,CC18,China (Zhejiang province),Fodu,Amphibians,Anura,Dicroglossidae,Fejervarya limnocharis,Fejervarya limnocharis,Fejervarya limnocharis,4.545704249,6.824201236,0.316588048,0.638111181,125,32,0.406292633,0.000312041,122.018,29.736,0.657601176,0.84509804,0.845160078,0.391640259,-2.038779132,16.55605888,2.897046665,3.100491157,SP11
Xu et al. 2013,ES38,CC18,China (Zhejiang province),Huni,Amphibians,Anura,Dicroglossidae,Fejervarya limnocharis,Fejervarya limnocharis,Fejervarya limnocharis,4.545704249,6.704776844,0.316588048,0.516344883,125,29,0.388637568,0.000243313,122.185,29.793,0.657601176,0.136720567,1.03666881,0.356069629,-1.885556739,16.60105515,2.893297621,3.101575246,SP11
Xu et al. 2013,ES39,CC18,China (Zhejiang province),Jintang,Amphibians,Anura,Dicroglossidae,Fejervarya limnocharis,Fejervarya limnocharis,Fejervarya limnocharis,4.545704249,4.684144464,0.316588048,0.43710654,125,40,0.030000621,0.000256502,121.887,30.025,0.657601176,1.883093359,0.556423121,0.36983396,-1.834973911,16.34239388,2.900463844,3.084983578,SP11
Xu et al. 2013,ES40,CC18,China (Zhejiang province),Liuheng,Amphibians,Anura,Dicroglossidae,Fejervarya limnocharis,Fejervarya limnocharis,Fejervarya limnocharis,4.545704249,4.471187535,0.316588048,0.397672131,125,38,-0.016528625,0.000246975,122.147,29.708,0.657601176,1.967313918,0.845160078,0.356069629,-1.885556739,16.60105515,2.893297621,3.101575246,SP11
Xu et al. 2013,ES41,CC18,China (Zhejiang province),Meishan,Amphibians,Anura,Dicroglossidae,Fejervarya limnocharis,Fejervarya limnocharis,Fejervarya limnocharis,4.545704249,5.330914026,0.316588048,0.443584698,125,31,0.159340045,0.000262155,121.99,29.792,0.657601176,1.339650158,-0.300162274,0.375350049,-1.952067882,16.41152191,2.902648417,3.105680463,SP11
Xu et al. 2013,ES42,CC18,China (Zhejiang province),Qushan,Amphibians,Anura,Dicroglossidae,Fejervarya limnocharis,Fejervarya limnocharis,Fejervarya limnocharis,4.545704249,4.769681916,0.316588048,0.482820562,125,33,0.048096952,0.000349316,122.355,30.444,0.657601176,1.777426822,1.76716329,0.387664771,-1.869853197,16.28768349,2.897102065,3.0259609,SP11
Xu et al. 2013,ES43,CC18,China (Zhejiang province),Sijiao,Amphibians,Anura,Dicroglossidae,Fejervarya limnocharis,Fejervarya limnocharis,Fejervarya limnocharis,4.545704249,4.8721506,0.316588048,0.268475541,125,57,0.069352775,9.21E-05,122.453,30.713,0.657601176,1.348304863,1.428150999,0.314744482,-1.759421237,16.2655201,2.893976881,2.992950971,SP11
Xu et al. 2013,ES44,CC18,China (Zhejiang province),Taohua,Amphibians,Anura,Dicroglossidae,Fejervarya limnocharis,Fejervarya limnocharis,Fejervarya limnocharis,4.545704249,4.976124558,0.316588048,0.492089008,125,48,0.090468721,0.000242538,122.232,29.818,0.657601176,1.612783857,0.944532021,0.361122217,-1.896580491,16.54825211,2.890625387,3.101231387,SP11
Xu et al. 2013,ES45,CC18,China (Zhejiang province),Xiaochangtu,Amphibians,Anura,Dicroglossidae,Fejervarya limnocharis,Fejervarya limnocharis,Fejervarya limnocharis,4.545704249,6.359912328,0.316588048,0.361172866,125,28,0.335831926,0.000153982,122.281,30.259,0.657601176,1.033423755,1.492774353,0.283958203,-1.758760437,16.51882362,2.897304523,3.059941888,SP11
Xu et al. 2013,ES46,CC18,China (Zhejiang province),Xiashi,Amphibians,Anura,Dicroglossidae,Fejervarya limnocharis,Fejervarya limnocharis,Fejervarya limnocharis,4.545704249,5.130819163,0.316588048,0.419234849,125,22,0.121082661,0.000342276,122.26,29.743,0.657601176,1.222716471,1.120606831,0.354645044,-1.758850527,16.4318161,2.884774731,3.101832962,SP11
Xu et al. 2013,ES47,CC18,China (Zhejiang province),Xiushan,Amphibians,Anura,Dicroglossidae,Fejervarya limnocharis,Fejervarya limnocharis,Fejervarya limnocharis,4.545704249,5.081615811,0.316588048,0.352783855,125,35,0.111446618,0.000176508,122.164,30.173,0.657601176,1.361727836,1.736404471,0.381020068,-1.924860695,16.4867878,2.899749455,3.083570676,SP11
Xu et al. 2013,ES48,CC18,China (Zhejiang province),Zhoushan,Amphibians,Anura,Dicroglossidae,Fejervarya limnocharis,Fejervarya limnocharis,Fejervarya limnocharis,4.545704249,3.913225752,0.316588048,0.619221693,125,26,-0.149820631,0.001001855,122.121,30.059,0.657601176,2.670894954,0.954290762,0.478612109,-1.93870371,16.4111042,2.902087055,3.102097398,SP11
Li et al. 2011,ES49,CC19,"China (Zhejiang, Zhenhai and Beilun)",Cezi,Amphibians,Anura,Dicroglossidae,Fejervarya limnocharis,Rana limnocharis,Rana limnocharis,4.148021931,4.98015378,0.396151932,0.533058579,299,96,0.182829193,0.000149847,121.934,30.095,0.617841044,1.173186268,1.217510264,0.460071191,-1.793627783,16.37299538,2.901364422,3.089131187,SP11
Li et al. 2011,ES50,CC19,"China (Zhejiang, Zhenhai and Beilun)",Changbai,Amphibians,Anura,Dicroglossidae,Fejervarya limnocharis,Rana limnocharis,Rana limnocharis,4.148021931,5.163802969,0.396151932,0.381426045,299,94,0.21904174,8.85E-05,122.035,30.181,0.617841044,1.010299957,1.575199395,0.376414258,-1.95207444,16.38397408,2.901455228,3.084215106,SP11
Li et al. 2011,ES51,CC19,"China (Zhejiang, Zhenhai and Beilun)",Dachangtu,Amphibians,Anura,Dicroglossidae,Fejervarya limnocharis,Rana limnocharis,Rana limnocharis,4.148021931,4.419009334,0.396151932,0.327145508,299,100,0.063283961,8.53E-05,122.339,30.252,0.617841044,1.522444234,1.575199395,0.331039551,-1.768209276,16.41360092,2.893182855,3.058236169,SP11
Li et al. 2011,ES52,CC19,"China (Zhejiang, Zhenhai and Beilun)",Daishan,Amphibians,Anura,Dicroglossidae,Fejervarya limnocharis,Rana limnocharis,Rana limnocharis,4.148021931,4.164391313,0.396151932,0.339259079,299,98,0.003938544,9.82E-05,122.187,30.28,0.617841044,2,1.568213462,0.354496875,-1.981089792,16.53346062,2.901132929,3.05979053,SP11
Li et al. 2011,ES53,CC19,"China (Zhejiang, Zhenhai and Beilun)",Damao,Amphibians,Anura,Dicroglossidae,Fejervarya limnocharis,Rana limnocharis,Rana limnocharis,4.148021931,5.832041832,0.396151932,0.411813566,299,106,0.34073559,7.75E-05,122.04,29.95,0.617841044,0.755874856,0.944532021,0.405301074,-1.877413054,16.35505867,2.889812871,3.10539778,SP11
Li et al. 2011,ES54,CC19,"China (Zhejiang, Zhenhai and Beilun)",Daxie,Amphibians,Anura,Dicroglossidae,Fejervarya limnocharis,Rana limnocharis,Rana limnocharis,4.148021931,4.626432742,0.396151932,0.348027134,299,94,0.109154528,9.07E-05,121.967,29.918,0.617841044,1.450249108,-0.396855627,0.39963833,-1.859493117,16.57670212,2.90094963,3.103413702,SP11
Li et al. 2011,ES55,CC19,"China (Zhejiang, Zhenhai and Beilun)",Dayushan,Amphibians,Anura,Dicroglossidae,Fejervarya limnocharis,Rana limnocharis,Rana limnocharis,4.148021931,5.92238177,0.396151932,0.431053163,299,96,0.356107116,8.57E-05,121.967,30.314,0.617841044,0.792391689,1.631453916,0.199661145,-1.554595264,16.22684097,2.893442712,3.041617649,SP11
Li et al. 2011,ES56,CC19,"China (Zhejiang, Zhenhai and Beilun)",Dengbu,Amphibians,Anura,Dicroglossidae,Fejervarya limnocharis,Rana limnocharis,Rana limnocharis,4.148021931,4.939962477,0.396151932,0.330996222,299,94,0.174726158,7.83E-05,122.318,29.868,0.617841044,1.124178055,1.149249913,0.3915125,-1.70720526,16.47288322,2.884664847,3.096426804,SP11
Li et al. 2011,ES57,CC19,"China (Zhejiang, Zhenhai and Beilun)",Fodu,Amphibians,Anura,Dicroglossidae,Fejervarya limnocharis,Rana limnocharis,Rana limnocharis,4.148021931,5.74265502,0.396151932,0.404964551,299,99,0.325290073,8.07E-05,122.018,29.736,0.617841044,0.84509804,0.845160078,0.391640259,-2.038779132,16.55605888,2.897046665,3.100491157,SP11
Li et al. 2011,ES58,CC19,"China (Zhejiang, Zhenhai and Beilun)",Huni,Amphibians,Anura,Dicroglossidae,Fejervarya limnocharis,Rana limnocharis,Rana limnocharis,4.148021931,6.013680367,0.396151932,0.457211323,299,93,0.371405358,9.27E-05,122.185,29.793,0.617841044,0.136720567,1.03666881,0.356069629,-1.885556739,16.60105515,2.893297621,3.101575246,SP11
Li et al. 2011,ES59,CC19,"China (Zhejiang, Zhenhai and Beilun)",Jintang,Amphibians,Anura,Dicroglossidae,Fejervarya limnocharis,Rana limnocharis,Rana limnocharis,4.148021931,4.111176262,0.396151932,0.365107675,299,96,-0.008922395,0.000112661,121.887,30.025,0.617841044,1.883093359,0.556423121,0.36983396,-1.834973911,16.34239388,2.900463844,3.084983578,SP11
Li et al. 2011,ES60,CC19,"China (Zhejiang, Zhenhai and Beilun)",Liuheng,Amphibians,Anura,Dicroglossidae,Fejervarya limnocharis,Rana limnocharis,Rana limnocharis,4.148021931,4.363570897,0.396151932,0.303787104,299,98,0.050659158,8.00E-05,122.147,29.708,0.617841044,1.967313918,0.845160078,0.356069629,-1.885556739,16.60105515,2.893297621,3.101575246,SP11
Li et al. 2011,ES61,CC19,"China (Zhejiang, Zhenhai and Beilun)",Meishan,Amphibians,Anura,Dicroglossidae,Fejervarya limnocharis,Rana limnocharis,Rana limnocharis,4.148021931,4.164391313,0.396151932,0.255638101,299,99,0.003938544,6.86E-05,121.99,29.792,0.617841044,1.339650158,-0.300162274,0.375350049,-1.952067882,16.41152191,2.902648417,3.105680463,SP11
Li et al. 2011,ES62,CC19,"China (Zhejiang, Zhenhai and Beilun)",Qushan,Amphibians,Anura,Dicroglossidae,Fejervarya limnocharis,Rana limnocharis,Rana limnocharis,4.148021931,4.40047631,0.396151932,0.348000971,299,100,0.05908121,9.30E-05,122.355,30.444,0.617841044,1.777426822,1.76716329,0.387664771,-1.869853197,16.28768349,2.897102065,3.0259609,SP11
Li et al. 2011,ES63,CC19,"China (Zhejiang, Zhenhai and Beilun)",Sijiao,Amphibians,Anura,Dicroglossidae,Fejervarya limnocharis,Rana limnocharis,Rana limnocharis,4.148021931,5.184491796,0.396151932,0.396423159,299,95,0.223040245,9.20E-05,122.453,30.713,0.617841044,1.348304863,1.428150999,0.314744482,-1.759421237,16.2655201,2.893976881,2.992950971,SP11
Li et al. 2011,ES64,CC19,"China (Zhejiang, Zhenhai and Beilun)",Taohua,Amphibians,Anura,Dicroglossidae,Fejervarya limnocharis,Rana limnocharis,Rana limnocharis,4.148021931,4.254133635,0.396151932,0.371659145,299,99,0.025259553,0.000107601,122.232,29.818,0.617841044,1.612783857,0.944532021,0.361122217,-1.896580491,16.54825211,2.890625387,3.101231387,SP11
Li et al. 2011,ES65,CC19,"China (Zhejiang, Zhenhai and Beilun)",Xiaochangtu,Amphibians,Anura,Dicroglossidae,Fejervarya limnocharis,Rana limnocharis,Rana limnocharis,4.148021931,6.036655457,0.396151932,0.442640271,299,100,0.375218549,8.43E-05,122.281,30.259,0.617841044,1.033423755,1.492774353,0.283958203,-1.758760437,16.51882362,2.897304523,3.059941888,SP11
Li et al. 2011,ES66,CC19,"China (Zhejiang, Zhenhai and Beilun)",Xiashi,Amphibians,Anura,Dicroglossidae,Fejervarya limnocharis,Rana limnocharis,Rana limnocharis,4.148021931,4.419009334,0.396151932,0.437158018,299,100,0.063283961,0.00012837,122.26,29.743,0.617841044,1.222716471,1.120606831,0.354645044,-1.758850527,16.4318161,2.884774731,3.101832962,SP11
Li et al. 2011,ES67,CC19,"China (Zhejiang, Zhenhai and Beilun)",Xiushan,Amphibians,Anura,Dicroglossidae,Fejervarya limnocharis,Rana limnocharis,Rana limnocharis,4.148021931,4.419009334,0.396151932,0.323906443,299,100,0.063283961,8.42E-05,122.164,30.173,0.617841044,1.361727836,1.736404471,0.381020068,-1.924860695,16.4867878,2.899749455,3.083570676,SP11
Li et al. 2011,ES68,CC19,"China (Zhejiang, Zhenhai and Beilun)",Zhoushan,Amphibians,Anura,Dicroglossidae,Fejervarya limnocharis,Rana limnocharis,Rana limnocharis,4.148021931,3.937174149,0.396151932,0.362519183,299,97,-0.052168333,0.000117907,122.121,30.059,0.617841044,2.670894954,0.954290762,0.478612109,-1.93870371,16.4111042,2.902087055,3.102097398,SP11
Siler et al. 2009,ES69,CC20,Indonesia (Borneo),Luzon,Amphibians,Anura,Dicroglossidae,Limnonectes kuhlii,Limnonectes kuhlii,Limnonectes visayanus,32.1046993,24.27836231,3.826822955,1.389414867,16,13,-0.279416902,0.001139945,121.093,16.311,1.506568607,5.041254479,2.924279803,0.72355791,-1.55286682,24.57234764,2.231041382,3.368145505,SP12
Siler et al. 2009,ES70,CC20,Indonesia (Borneo),Luzon,Amphibians,Anura,Dicroglossidae,Limnonectes kuhlii,Limnonectes kuhlii,Limnonectes macrocephalus,32.1046993,116.8909427,3.826822955,25.12692333,16,8,1.292238971,0.00666401,121.093,16.311,1.506568607,5.041254479,2.924279803,0.72355791,-1.55286682,24.57234764,2.231041382,3.368145505,SP12
Siler et al. 2009,ES71,CC20,Indonesia (Borneo),Mindanao,Amphibians,Anura,Dicroglossidae,Limnonectes kuhlii,Limnonectes kuhlii,Limnonectes diuatus,32.1046993,22.62454366,3.826822955,1.03394352,16,2,-0.349967095,0.001932262,125.081,7.736,1.506568607,4.989138224,2.537820354,0.761584375,-1.599292724,26.03913689,1.84786828,3.377387944,SP12
Siler et al. 2009,ES72,CC20,Indonesia (Borneo),Mindanao,Amphibians,Anura,Dicroglossidae,Limnonectes kuhlii,Limnonectes kuhlii,Limnonectes ferneri,32.1046993,46.45836495,3.826822955,2.041403593,16,3,0.369554119,0.001531603,125.081,7.736,1.506568607,4.989138224,2.537820354,0.761584375,-1.599292724,26.03913689,1.84786828,3.377387944,SP12
Siler et al. 2009,ES73,CC20,Indonesia (Borneo),Mindanao,Amphibians,Anura,Dicroglossidae,Limnonectes kuhlii,Limnonectes kuhlii,Limnonectes magnus,32.1046993,71.44053419,3.826822955,22.21548859,16,22,0.799862999,0.005283426,125.081,7.736,1.506568607,4.989138224,2.537820354,0.761584375,-1.599292724,26.03913689,1.84786828,3.377387944,SP12
Siler et al. 2009,ES74,CC21,Borneo,Palawan,Amphibians,Anura,Dicroglossidae,Limnonectes kuhlii,Limnonectes kuhlii,Limnonectes acanthi,32.1046993,34.600772,3.826822955,1.830654333,16,21,0.074873579,0.001021311,118.574,9.668,1.506568607,4.085968077,2.161370997,0.712584814,-1.651018274,26.88278389,1.788943049,3.210636425,SP12
Siler et al. 2009,ES75,CC20,Indonesia (Borneo),Visayas,Amphibians,Anura,Dicroglossidae,Limnonectes kuhlii,Limnonectes kuhlii,Limnonectes visayanus,32.1046993,60.02160809,3.826822955,4.406955654,16,20,0.625702217,0.001157559,123.373,10.816,1.506568607,4.128011333,2.763428742,0.662301611,-1.561056993,26.67053604,1.953183138,3.291335376,SP12
Wu et al 2006b,ES76,CC22,China (Zhejiang province),Daishan,Amphibians,Anura,Dicroglossidae,Fejervarya limnocharis,Rana limnocharis,Rana limnocharis,5.97,8.435,2.571,2.038,174,44,0.345642789,0.002392614,122.187,30.28,0.775974331,2,1.568213462,0.354496875,-1.981089792,16.53346062,2.901132929,3.05979053,SP11
Wu et al 2006b,ES77,CC22,China (Zhejiang province),Fodu,Amphibians,Anura,Dicroglossidae,Fejervarya limnocharis,Rana limnocharis,Rana limnocharis,5.97,6.505,2.571,1.625,174,62,0.085824185,0.00207239,122.018,29.736,0.775974331,0.84509804,0.845160078,0.391640259,-2.038779132,16.55605888,2.897046665,3.100491157,SP11
Wu et al 2006b,ES78,CC22,China (Zhejiang province),Liuheng,Amphibians,Anura,Dicroglossidae,Fejervarya limnocharis,Rana limnocharis,Rana limnocharis,5.97,6.855,2.571,1.706,174,58,0.138231386,0.002133737,122.147,29.708,0.775974331,1.967313918,0.845160078,0.356069629,-1.885556739,16.60105515,2.893297621,3.101575246,SP11
Wu et al 2006b,ES79,CC22,China (Zhejiang province),Mayi,Amphibians,Anura,Dicroglossidae,Fejervarya limnocharis,Rana limnocharis,Rana limnocharis,5.97,8.66,2.571,1.734,174,50,0.371967795,0.001867724,122.258,29.871,0.775974331,0.84509804,0.845160078,0.361122217,-1.896580491,16.54825211,2.890625387,3.101231387,SP11
Wu et al 2006b,ES80,CC22,China (Zhejiang province),Taohua,Amphibians,Anura,Dicroglossidae,Fejervarya limnocharis,Rana limnocharis,Rana limnocharis,5.97,7.81,2.571,1.832,174,49,0.268658036,0.002188805,122.232,29.818,0.775974331,1.612783857,0.944532021,0.361122217,-1.896580491,16.54825211,2.890625387,3.101231387,SP11
Wu et al 2006b,ES81,CC22,China (Zhejiang province),Xiashi,Amphibians,Anura,Dicroglossidae,Fejervarya limnocharis,Rana limnocharis,Rana limnocharis,5.97,8.36,2.571,2.834,174,34,0.3367115,0.004445809,122.26,29.743,0.775974331,1.222716471,1.120606831,0.354645044,-1.758850527,16.4318161,2.884774731,3.101832962,SP11
Wu et al 2006b,ES82,CC22,China (Zhejiang province),Zhoushan,Amphibians,Anura,Dicroglossidae,Fejervarya limnocharis,Rana limnocharis,Rana limnocharis,5.97,4.81,2.571,1.334,174,67,-0.216049843,0.002213888,122.121,30.059,0.775974331,2.670894954,0.954290762,0.478612109,-1.93870371,16.4111042,2.902087055,3.102097398,SP11
Wu et al 2006n,ES83,CC23,China (Zhejiang province),Daishan,Amphibians,Anura,Dicroglossidae,Fejervarya limnocharis,Rana limnocharis,Rana limnocharis,5.65,9.07,1.178,2.329,99,55,0.473316719,0.001637936,122.187,30.28,0.752048448,2,1.568213462,0.354496875,-1.981089792,16.53346062,2.901132929,3.05979053,SP11
Wu et al 2006n,ES84,CC23,China (Zhejiang province),Fodu,Amphibians,Anura,Dicroglossidae,Fejervarya limnocharis,Rana limnocharis,Rana limnocharis,5.65,7.345,1.178,1.86,99,37,0.262364264,0.002172263,122.018,29.736,0.752048448,0.84509804,0.845160078,0.391640259,-2.038779132,16.55605888,2.897046665,3.100491157,SP11
Wu et al 2006n,ES85,CC23,China (Zhejiang province),Liuheng,Amphibians,Anura,Dicroglossidae,Fejervarya limnocharis,Rana limnocharis,Rana limnocharis,5.65,6.285,1.178,1.932,99,73,0.106510297,0.001733532,122.147,29.708,0.752048448,1.967313918,0.845160078,0.356069629,-1.885556739,16.60105515,2.893297621,3.101575246,SP11
Wu et al 2006n,ES86,CC23,China (Zhejiang province),Mayi,Amphibians,Anura,Dicroglossidae,Fejervarya limnocharis,Rana limnocharis,Rana limnocharis,5.65,9.33,1.178,1.178,99,41,0.50157947,0.00082791,122.258,29.871,0.752048448,0.84509804,0.845160078,0.361122217,-1.896580491,16.54825211,2.890625387,3.101231387,SP11
Wu et al 2006n,ES87,CC23,China (Zhejiang province),Taohua,Amphibians,Anura,Dicroglossidae,Fejervarya limnocharis,Rana limnocharis,Rana limnocharis,5.65,8.355,1.178,1.767,99,38,0.391204617,0.00161615,122.232,29.818,0.752048448,1.612783857,0.944532021,0.361122217,-1.896580491,16.54825211,2.890625387,3.101231387,SP11
Wu et al 2006n,ES88,CC23,China (Zhejiang province),Xiashi,Amphibians,Anura,Dicroglossidae,Fejervarya limnocharis,Rana limnocharis,Rana limnocharis,5.65,9.2,1.178,1.704,99,48,0.487547939,0.001153793,122.26,29.743,0.752048448,1.222716471,1.120606831,0.354645044,-1.758850527,16.4318161,2.884774731,3.101832962,SP11
Wu et al 2006n,ES89,CC23,China (Zhejiang province),Zhoushan,Amphibians,Anura,Dicroglossidae,Fejervarya limnocharis,Rana limnocharis,Rana limnocharis,5.65,5.79,1.178,1.041,99,56,0.024476746,0.001016335,122.121,30.059,0.752048448,2.670894954,0.954290762,0.478612109,-1.93870371,16.4111042,2.902087055,3.102097398,SP11
Reboucas et al. 2018,ES90,CC24,Rio de Janeiro,Itacurucá,Amphibians,Anura,Hylidae,Boana albomarginata,Boana albomarginata,Boana albomarginata,6.244949479,7.664026111,0.398311128,0.311146359,108,34,0.204764394,8.61E-05,-43.891,-22.891,0.795528929,1,-0.655607726,0.728447998,-2.064691638,21.68714333,2.344099276,3.156969921,SP13
Reboucas et al. 2018,ES91,CC24,Rio de Janeiro,Marambaia,Amphibians,Anura,Hylidae,Boana albomarginata,Boana albomarginata,Boana albomarginata,6.244949479,6.954017592,0.398311128,0.122537755,108,33,0.10754651,4.71E-05,-43.789,-23.061,0.795528929,1.62324929,0.98231647,0.567623486,-1.94029244,23.35488129,2.306326187,3.110252917,SP13
Reboucas et al. 2018,ES92,CC25,Rio de Janeiro,Grande,Amphibians,Anura,Hylidae,Scinax trapicheiroi,Ololygon trapicheiroi,Ololygon trapicheiroi,1.196692126,1.043171186,0.050242799,0.037404545,110,35,-0.137295898,5.28E-05,-44.247,-23.141,0.077982434,2.278753601,0.491501766,0.834472559,-2.121527567,21.51352882,2.333142273,3.225141212,SP14
Reboucas et al. 2018,ES93,CC25,Rio de Janeiro,Itacurucá,Amphibians,Anura,Hylidae,Scinax trapicheiroi,Ololygon trapicheiroi,Ololygon trapicheiroi,1.196692126,1.241109336,0.050242799,0.03278402,110,15,0.036444416,6.25E-05,-43.891,-22.891,0.077982434,1,-0.655607726,0.728447998,-2.064691638,21.68714333,2.344099276,3.156969921,SP14
Reboucas et al. 2018,ES94,CC25,Rio de Janeiro,Marambaia,Amphibians,Anura,Hylidae,Scinax trapicheiroi,Ololygon trapicheiroi,Ololygon trapicheiroi,1.196692126,1.153380341,0.050242799,0.031172442,110,43,-0.036864131,3.30E-05,-43.789,-23.061,0.077982434,1.62324929,0.98231647,0.567623486,-1.94029244,23.35488129,2.306326187,3.110252917,SP14
Mageski et al. 2015,ES95,CC26,"Paulo César
Vinha SP (Guarapari, Brazil)",Tres Ilhas (Brazil),Amphibians,Anura,Hylidae,Phyllodytes luteolus,Phyllodytes luteolus,Phyllodytes luteolus,0.626115548,0.915875735,0.046227223,0.043475595,29,29,0.38034576,0.00026567,-40.382,-20.613,-0.203345512,-1,0.477265995,0.238153271,-1.446020211,23.45416641,2.298246016,3.070776463,SP15
"Bell and Irian 2019, Lotters et al. 2004",ES96,CC27,Kenya,Sao Tome,Amphibians,Anura,Hyperoliidae,Hyperolius cinnamomeoventris,Hyperolius cinnamomeoventris,Hyperolius molleri,1.477677366,2.95433144,0.069015886,0.17184321,118,33,0.692800871,0.000121012,6.616,0.234,0.169579621,2.931457871,2.376578782,0.692473535,-1.406051082,22.16243744,1.927712723,3.409890875,SP16
"Bell and Irian 2019, Lotters et al. 2004",ES97,CC27,Kenya,Sao Tome,Amphibians,Anura,Hyperoliidae,Hyperolius cinnamomeoventris,Hyperolius cinnamomeoventris,Hyperolius thomensis,1.477677366,7.057948518,0.069015886,0.353714728,118,7,1.563682923,0.000377286,6.616,0.234,0.169579621,2.931457871,2.376578782,0.692473535,-1.406051082,22.16243744,1.927712723,3.409890875,SP16
"Bell et al. 2016, Lotters et al. 2004",ES98,CC28,Kenya,Principe,Amphibians,Anura,Hyperoliidae,Hyperolius cinnamomeoventris,Hyperolius cinnamomeoventris,Hyperolius drewesi,1.477677366,2.500536703,0.069015886,0.123993556,118,17,0.526033882,0.000163125,7.4,1.626,0.169579621,2.133538908,2.333650771,0.49614668,-1.473871846,25.16615486,1.89407536,3.319524532,SP16
Maddock 2016,ES99,CC29,Mahé (Seychelles),Félicité,Amphibians,Gymnophiona,Indotyphlidae,Grandisonia alternans,Grandisonia alternans,Grandisonia alternans,3.250562594,3.235825688,1.150466337,0.774551691,24,7,-0.004543956,0.013404648,55.873,-4.326,0.511958533,0.428134794,1.722642148,0.634377344,-1.804859252,27.01180649,1.840531199,3.357322983,SP17
Maddock 2016,ES100,CC29,Mahé (Seychelles),Frégate,Amphibians,Gymnophiona,Indotyphlidae,Grandisonia alternans,Grandisonia alternans,Grandisonia alternans,3.250562594,5.556005786,1.150466337,0.751531562,24,28,0.536051379,0.005872835,55.94,-4.5865,0.511958533,0.315970345,1.653222165,0.55613584,-1.396947851,26.98846817,1.844299676,3.361478597,SP17
Maddock 2016,ES101,CC29,Mahé (Seychelles),La Digue,Amphibians,Gymnophiona,Indotyphlidae,Grandisonia alternans,Grandisonia alternans,Grandisonia alternans,3.250562594,3.892623289,1.150466337,0.715582427,24,3,0.180255211,0.016483924,55.838,-4.36,0.511958533,1,1.667462292,0.634377344,-1.804859252,27.01180649,1.840531199,3.357322983,SP17
Maddock 2016,ES102,CC29,Mahé (Seychelles),Praslin,Amphibians,Gymnophiona,Indotyphlidae,Grandisonia alternans,Grandisonia alternans,Grandisonia alternans,3.250562594,5.806815129,1.150466337,0.429137858,24,3,0.580204163,0.007039911,55.73,-4.323,0.511958533,1.579783597,1.572883214,0.68785332,-1.944456794,26.79567146,1.871508943,3.359190218,SP17
Maddock 2016,ES103,CC29,Mahé (Seychelles),Silhouette,Amphibians,Gymnophiona,Indotyphlidae,Grandisonia alternans,Grandisonia alternans,Grandisonia alternans,3.250562594,4.259835097,1.150466337,0.294879214,24,34,0.270402363,0.005360324,55.233,-4.485,0.511958533,1.303196057,1.334473857,0.67700083,-1.700563757,26.5780201,1.860126446,3.351206663,SP17
Maddock 2016,ES104,CC30,Mahé (Seychelles),Félicité,Amphibians,Gymnophiona,Indotyphlidae,Grandisonia larvata,Grandisonia larvata,Grandisonia larvata,1.884203045,3.522470668,0.269029225,0.398764149,14,7,0.625657694,0.003286975,55.873,-4.326,0.275127701,0.428134794,1.722642148,0.634377344,-1.804859252,27.01180649,1.840531199,3.357322983,SP18
Maddock 2016,ES105,CC30,Mahé (Seychelles),La Digue,Amphibians,Gymnophiona,Indotyphlidae,Grandisonia larvata,Grandisonia larvata,Grandisonia larvata,1.884203045,2.347785157,0.269029225,0.279870718,14,14,0.219967454,0.002471191,55.838,-4.36,0.275127701,1,1.667462292,0.634377344,-1.804859252,27.01180649,1.840531199,3.357322983,SP18
Maddock 2016,ES106,CC30,Mahé (Seychelles),Praslin,Amphibians,Gymnophiona,Indotyphlidae,Grandisonia larvata,Grandisonia larvata,Grandisonia larvata,1.884203045,2.053281941,0.269029225,0.056378042,14,4,0.085934516,0.00164466,55.73,-4.323,0.275127701,1.579783597,1.572883214,0.68785332,-1.944456794,26.79567146,1.871508943,3.359190218,SP18
Maddock 2016,ES107,CC30,Mahé (Seychelles),Sainte Anne,Amphibians,Gymnophiona,Indotyphlidae,Grandisonia larvata,Grandisonia larvata,Grandisonia larvata,1.884203045,3.035427649,0.269029225,0.377482669,14,4,0.476847377,0.00532247,55.504,-4.605,0.275127701,1.152288344,0.477265995,0.444915869,-1.860439045,26.94260025,1.845338195,3.36133489,SP18
Maddock 2016,ES108,CC30,Mahé (Seychelles),Silhouette,Amphibians,Gymnophiona,Indotyphlidae,Grandisonia larvata,Grandisonia larvata,Grandisonia larvata,1.884203045,2.939357202,0.269029225,0.188936875,14,6,0.444685975,0.002144798,55.233,-4.485,0.275127701,1.303196057,1.334473857,0.67700083,-1.700563757,26.5780201,1.860126446,3.351206663,SP18
Maddock 2016,ES109,CC31,Mahé (Seychelles),Praslin,Amphibians,Gymnophiona,Indotyphlidae,Grandisonia sechellensis,Grandisonia sechellensis,Grandisonia sechellensis,2.826376656,2.986154303,0.248141315,0.266430766,19,2,0.054990816,0.004385967,55.73,-4.323,0.451230037,1.579783597,1.572883214,0.68785332,-1.944456794,26.79567146,1.871508943,3.359190218,SP19
Maddock 2016,ES110,CC31,Mahé (Seychelles),Silhouette,Amphibians,Gymnophiona,Indotyphlidae,Grandisonia sechellensis,Grandisonia sechellensis,Grandisonia sechellensis,2.826376656,2.612944864,0.248141315,0.23945429,19,20,-0.078517672,0.000825589,55.233,-4.485,0.451230037,1.303196057,1.334473857,0.67700083,-1.700563757,26.5780201,1.860126446,3.351206663,SP19
Maddock 2016,ES111,CC32,Mahé (Seychelles),Praslin,Amphibians,Gymnophiona,Indotyphlidae,Grandisonia brevis,Hypogeophis brevis,Hypogeophis brevis,0.299848353,0.223628962,0.084139015,0.066653515,39,15,-0.293288599,0.00794137,55.73,-4.323,-0.523098332,1.579783597,1.572883214,0.68785332,-1.944456794,26.79567146,1.871508943,3.359190218,SP20
Maddock 2016,ES112,CC33,Mahé (Seychelles),Curieuse,Amphibians,Gymnophiona,Indotyphlidae,Hypogeophis rostratus,Hypogeophis rostratus,Hypogeophis rostratus,4.427122921,6.999494412,0.977010076,0.544347298,106,6,0.458088,0.001467478,55.723,-4.283,0.646121581,0.46686762,1.623259631,0.59204043,-1.83566067,27.07398605,1.84780351,3.358743634,SP21
Maddock 2016,ES113,CC33,Mahé (Seychelles),Félicité,Amphibians,Gymnophiona,Indotyphlidae,Hypogeophis rostratus,Hypogeophis rostratus,Hypogeophis rostratus,4.427122921,4.629770062,0.977010076,0.574796185,106,20,0.044757285,0.00123015,55.873,-4.326,0.646121581,0.428134794,1.722642148,0.634377344,-1.804859252,27.01180649,1.840531199,3.357322983,SP21
Maddock 2016,ES114,CC33,Mahé (Seychelles),Frégate,Amphibians,Gymnophiona,Indotyphlidae,Hypogeophis rostratus,Hypogeophis rostratus,Hypogeophis rostratus,4.427122921,5.401398205,0.977010076,1.271242197,106,40,0.198907927,0.001844252,55.94,-4.5865,0.646121581,0.315970345,1.653222165,0.55613584,-1.396947851,26.98846817,1.844299676,3.361478597,SP21
Maddock 2016,ES115,CC33,Mahé (Seychelles),La Digue,Amphibians,Gymnophiona,Indotyphlidae,Hypogeophis rostratus,Hypogeophis rostratus,Hypogeophis rostratus,4.427122921,8.153787721,0.977010076,1.289069295,106,45,0.610732651,0.001014881,55.838,-4.36,0.646121581,1,1.667462292,0.634377344,-1.804859252,27.01180649,1.840531199,3.357322983,SP21
Maddock 2016,ES116,CC33,Mahé (Seychelles),Praslin,Amphibians,Gymnophiona,Indotyphlidae,Hypogeophis rostratus,Hypogeophis rostratus,Hypogeophis rostratus,4.427122921,3.69876706,0.977010076,0.638345812,106,41,-0.179750383,0.001185926,55.73,-4.323,0.646121581,1.579783597,1.572883214,0.68785332,-1.944456794,26.79567146,1.871508943,3.359190218,SP21
Maddock 2016,ES117,CC33,Mahé (Seychelles),Sainte Anne,Amphibians,Gymnophiona,Indotyphlidae,Hypogeophis rostratus,Hypogeophis rostratus,Hypogeophis rostratus,4.427122921,6.091419395,0.977010076,0.822915559,106,17,0.319131205,0.001533017,55.504,-4.605,0.646121581,1.152288344,0.477265995,0.444915869,-1.860439045,26.94260025,1.845338195,3.36133489,SP21
Maddock 2016,ES118,CC33,Mahé (Seychelles),Silhouette,Amphibians,Gymnophiona,Indotyphlidae,Hypogeophis rostratus,Hypogeophis rostratus,Hypogeophis rostratus,4.427122921,3.355521855,0.977010076,0.644962178,106,41,-0.277142616,0.001360544,55.233,-4.485,0.646121581,1.303196057,1.334473857,0.67700083,-1.700563757,26.5780201,1.860126446,3.351206663,SP21
Maddock 2016,ES119,CC34,Mahé (Seychelles),Silhouette,Amphibians,Gymnophiona,Indotyphlidae,Praslinia cooperi,Praslinia cooperi,Praslinia cooperi,3.252249434,2.521956033,0.634858579,0.393217907,8,7,-0.254312086,0.008236082,55.233,-4.485,0.512183847,1.303196057,1.334473857,0.67700083,-1.700563757,26.5780201,1.860126446,3.351206663,SP22
Rog et al. 2013,ES120,CC35,Panama,Cebaco,Amphibians,Anura,Leiuperidae,Engystomops pustulosus,Engystomops pustulosus,Engystomops pustulosus,1.63248181,3.132898993,0.066436779,0.121201292,48,7,0.651857332,0.000248313,-81.139,7.558,0.212848351,1.903089987,0.812980166,0.747388232,-1.860616694,26.05415916,1.799266544,3.46286201,SP23
Rog et al. 2013,ES121,CC35,Panama,Coiba,Amphibians,Anura,Leiuperidae,Engystomops pustulosus,Engystomops pustulosus,Engystomops pustulosus,1.63248181,3.867870697,0.066436779,0.086537529,48,23,0.862602709,5.63E-05,-81.777,7.486,0.212848351,2.701567985,1.35220182,0.756774512,-1.385932732,25.42413521,1.804821349,3.424808168,SP23
Rog et al. 2013,ES122,CC35,Panama,Isla del Rey,Amphibians,Anura,Leiuperidae,Engystomops pustulosus,Engystomops pustulosus,Engystomops pustulosus,1.63248181,2.428504194,0.066436779,0.102652793,48,3,0.39717407,0.000630088,-79.9088,8.387,0.212848351,2.369215857,1.546555001,0.625681494,-1.659318505,26.79486465,1.757703458,3.328076494,SP23
Rog et al. 2013,ES123,CC35,Panama,Isla Grande,Amphibians,Anura,Leiuperidae,Engystomops pustulosus,Engystomops pustulosus,Engystomops pustulosus,1.63248181,3.42652763,0.066436779,0.185739122,48,10,0.741445956,0.000328336,-79.564,9.633,0.212848351,1.424881637,-0.258848401,0.621126074,-1.651040349,26.5128994,1.899409187,3.358581978,SP23
Rog et al. 2013,ES124,CC35,Panama,Pedro Gonzalez,Amphibians,Anura,Leiuperidae,Engystomops pustulosus,Engystomops pustulosus,Engystomops pustulosus,1.63248181,3.471892711,0.066436779,0.097750208,48,7,0.754598455,0.000147746,-79.1029,9.398,0.212848351,1.775974331,1.711815662,0.765176172,-1.521710201,25.43823814,1.807257098,3.451500888,SP23
Rog et al. 2013,ES125,CC35,Panama,Taboga,Amphibians,Anura,Leiuperidae,Engystomops pustulosus,Engystomops pustulosus,Engystomops pustulosus,1.63248181,3.200166566,0.066436779,0.148537548,48,10,0.673101421,0.000249945,-79.5616,8.792,0.212848351,1.08278537,0.973174053,0.682330566,-1.453223353,27.15354156,1.696843965,3.330920831,SP23
"Brasileiro et al. 2007, Heyer et al. 1990",ES126,CC36,Brazil,Ilha dos Alcatrazes,Amphibians,Anura,Leptodactylidae,Cycloramphus eleutherodactylus,Cycloramphus eleutherodactylus,Cycloramphus faustoi,5.110367159,5.379013336,0.527238673,0.291864931,4,11,0.05123371,0.002928683,-45.696,-24.1,0.708452104,0.173186268,1.544080453,0.693767041,-1.384623281,21.53958321,2.399742598,3.42143939,SP24
Reboucas et al. 2018,ES127,CC37,Rio de Janeiro,Grande,Amphibians,Anura,Leptodactylidae,Adenomera marmorata,Adenomera marmorata,Adenomera marmorata,0.723074528,0.711886249,0.045853507,0.034896385,99,26,-0.015594163,0.00013304,-44.247,-23.141,-0.140816937,2.278753601,0.491501766,0.834472559,-2.121527567,21.51352882,2.333142273,3.225141212,SP25
Reboucas et al. 2018,ES128,CC37,Rio de Janeiro,Itacurucá,Amphibians,Anura,Leptodactylidae,Adenomera marmorata,Adenomera marmorata,Adenomera marmorata,0.723074528,0.626620518,0.045853507,0.041561565,99,19,-0.143171175,0.000272158,-43.891,-22.891,-0.140816937,1,-0.655607726,0.728447998,-2.064691638,21.68714333,2.344099276,3.156969921,SP25
Reboucas et al. 2018,ES129,CC37,Rio de Janeiro,Itacurucá,Amphibians,Anura,Leptodactylidae,Adenomera marmorata,Adenomera marmorata,Adenomera marmorata,0.723074528,0.626620518,0.045853507,0.057546782,99,14,-0.143171175,0.000643048,-43.891,-22.891,-0.140816937,1,-0.655607726,0.728447998,-2.064691638,21.68714333,2.344099276,3.156969921,SP25
Reboucas et al. 2018,ES130,CC37,Rio de Janeiro,Marambaia,Amphibians,Anura,Leptodactylidae,Adenomera marmorata,Adenomera marmorata,Adenomera marmorata,0.723074528,0.577052608,0.045853507,0.054381921,99,25,-0.225578861,0.000395874,-43.789,-23.061,-0.140816937,1.62324929,0.98231647,0.567623486,-1.94029244,23.35488129,2.306326187,3.110252917,SP25
Vences et al. 2010,ES131,CC38,Madagascar,Nosy Boraha (Sainte Marie),Amphibians,Anura,Mantellidae,Blommersia dejongi,Blommersia dejongi,Blommersia dejongi,0.755390589,0.894330751,0.043252408,0.035956071,5,5,0.168840722,0.000978983,49.8976,-16.9157,-0.12182843,2.346352974,0.793161529,0.742845703,-1.920596205,24.27876472,2.292031513,3.506640306,SP26
Vences et al. 2010,ES132,CC39,Madagascar,Nosy Boraha (Sainte Marie),Amphibians,Anura,Mantellidae,Blommersia galani,Blommersia galani,Blommersia galani,0.735520388,1.126547254,0.053388574,0.041651357,10,13,0.426334446,0.000632026,49.8976,-16.9157,-0.133405284,2.346352974,0.793161529,0.742845703,-1.920596205,24.27876472,2.292031513,3.506640306,SP27
"Glaw et al. 2019, Vences et al. 2010",ES133,CC40,Madagascar,Mayotte,Amphibians,Anura,Mantellidae,Blommersia wittei,Blommersia wittei,Blommersia transmarina,1.084697678,2.16436384,0.092115434,0.150998646,8,12,0.69082517,0.001307089,45.152,-12.801,0.03530871,2.574031268,2.477122702,0.721075146,-1.781400091,25.06338501,2.109002544,3.148025476,SP28
Pabijan et al. 2011,ES134,CC41,Madagascar,Nosy Be,Amphibians,Anura,Mantellidae,Blommersia wittei,Blommersia wittei,Blommersia wittei,0.948658425,1.195346047,0.049128624,0.036756891,9,5,0.2311422,0.000487106,48.26,-13.326,-0.022890132,2.505177121,1.079940597,0.712896973,-1.828679779,25.78669739,2.134027409,3.330505077,SP28
"Glaw et al. 2019, Mori et al. 2015",ES135,CC42,Madagascar,Mayotte,Amphibians,Anura,Mantellidae,Boophis doulioti,Boophis doulioti,Boophis nauticus,7.367191655,7.394899871,1.134669,0.817788927,8,8,0.003753973,0.004493855,45.152,-12.801,0.867301968,2.574031268,2.477122702,0.721075146,-1.781400091,25.06338501,2.109002544,3.148025476,SP29
"Glaw et al. 2019, Tessa et al. 2017",ES136,CC43,Madagascar,Mayotte,Amphibians,Anura,Mantellidae,Boophis tephraeomystax,Boophis tephraeomystax,Boophis nauticus,5.742585785,12.27261393,0.765580591,1.030991214,8,11,0.759460677,0.002863225,45.152,-12.801,0.759107492,2.574031268,2.477122702,0.721075146,-1.781400091,25.06338501,2.109002544,3.148025476,SP30
Menzies and Tyler 1977,ES137,CC44,Papua New Guinea,Goodenough,Amphibians,Anura,Microhylidae,Copiula fistulans,Copiula fistulans,Copiula minor,2.78798795,1.195346047,0.151424266,0.035212902,20,2,-0.846884448,0.000581392,150.249,-9.34,0.445290892,2.836956737,1.46091287,0.713913184,-1.514113151,22.93286324,1.782452792,3.449902458,SP31
Matsui and Ota 1984,ES138,CC45,Iriomotejima,Kohamajima,Amphibians,Anura,Microhylidae,Microhyla ornata,Microhyla ornata,Microhyla ornata,3.83,2.29,0.22,0.16,18,27,-0.514312986,0.000364108,123.9796,24.3425,0.583198774,0.894316063,0.361916619,0.606638477,-1.499385861,23.42721176,2.593043377,3.343304187,SP32
Shaidani 2017,ES139,CC46,Maine (USA),Appledore,Amphibians,Caudata,Plethodontidae,Plethodon cinereus,Plethodon cinereus,Plethodon cinereus,0.780204762,0.4965,0.1,0.051287736,210,34,-0.451972917,0.000392069,-70.614,42.988,-0.107791403,-0.397940009,1.000043427,0.47237207,-1.490562997,9.154166222,2.873833801,3.084576278,SP33
Shaidani 2017,ES140,CC46,Maine (USA),Baker Island,Amphibians,Caudata,Plethodontidae,Plethodon cinereus,Plethodon cinereus,Plethodon cinereus,0.780204762,1.068,0.1,0.110322864,210,30,0.313986619,0.000433915,-68.198,44.2416,-0.107791403,-1.522878745,0.699056855,0.480812354,-1.444422672,6.993421078,2.902175752,3.133059643,SP33
Shaidani 2017,ES141,CC46,Maine (USA),Bois Bubert Island,Amphibians,Caudata,Plethodontidae,Plethodon cinereus,Plethodon cinereus,Plethodon cinereus,0.780204762,0.9393,0.1,0.097028339,210,30,0.185578516,0.000433915,-67.865,44.4367,-0.107791403,0.77815125,0.000434077,0.558148633,-1.413891703,6.71992445,2.91240267,3.115384136,SP33
Shaidani 2017,ES142,CC46,Maine (USA),Cross Island,Amphibians,Caudata,Plethodontidae,Plethodon cinereus,Plethodon cinereus,Plethodon cinereus,0.780204762,1.1655,0.1,0.120394474,210,31,0.401349058,0.000422441,-67.2975,44.609,-0.107791403,0.84509804,0.000434077,0.672793555,-1.386885155,6.252759933,2.938139051,3.088384169,SP33
Shaidani 2017,ES143,CC46,Maine (USA),Crow island,Amphibians,Caudata,Plethodontidae,Plethodon cinereus,Plethodon cinereus,Plethodon cinereus,0.780204762,1.1233,0.1,0.116035275,210,30,0.36446966,0.000433915,-69.982,43.848,-0.107791403,-1.301029996,0.699056855,0.61049624,-1.395209552,7.709438801,2.962179061,3.060875287,SP33
Shaidani 2017,ES144,CC46,Maine (USA),Great Duck island,Amphibians,Caudata,Plethodontidae,Plethodon cinereus,Plethodon cinereus,Plethodon cinereus,0.780204762,0.9183,0.1,0.094859069,210,30,0.162967734,0.000433915,-68.2498,44.152,-0.107791403,-0.096910013,1.000043427,0.56380498,-1.498079856,7.088217735,2.894517288,3.143841991,SP33
Shaidani 2017,ES145,CC46,Maine (USA),Long island,Amphibians,Caudata,Plethodontidae,Plethodon cinereus,Plethodon cinereus,Plethodon cinereus,0.780204762,0.676,0.1,0.069829828,210,30,-0.143363325,0.000433915,-70.16,43.6878,-0.107791403,0.77815125,0.699056855,0.524057861,-1.390357985,7.87822628,2.921853296,3.059536933,SP33
Shaidani 2017,ES146,CC46,Maine (USA),Matinicus island,Amphibians,Caudata,Plethodontidae,Plethodon cinereus,Plethodon cinereus,Plethodon cinereus,0.780204762,1.1138,0.1,0.115053938,210,31,0.355976471,0.000422441,-69.892,43.8636,-0.107791403,0.511883361,1.361746718,0.643802393,-1.410803475,7.777070999,2.955648237,3.060897958,SP33
Shaidani 2017,ES147,CC46,Maine (USA),Monhegan Island,Amphibians,Caudata,Plethodontidae,Plethodon cinereus,Plethodon cinereus,Plethodon cinereus,0.780204762,0.8483,0.1,0.08762817,210,30,0.083677946,0.000433915,-69.312,43.7644,-0.107791403,0.397940009,1.230474467,0.60628335,-1.43466408,7.679550171,2.927947874,3.071024574,SP33
Shaidani 2017,ES148,CC46,Maine (USA),Mount Desert Island,Amphibians,Caudata,Plethodontidae,Plethodon cinereus,Plethodon cinereus,Plethodon cinereus,0.780204762,0.9268,0.1,0.095737107,210,19,0.172181392,0.000639838,-68.304,44.3875,-0.107791403,1,0.602168551,0.668637109,-1.416213758,7.055091381,2.950135857,3.124572677,SP33
Shaidani 2017,ES149,CC46,Maine (USA),Petit Manan Island,Amphibians,Caudata,Plethodontidae,Plethodon cinereus,Plethodon cinereus,Plethodon cinereus,0.780204762,1.9231,0.1,0.198653465,210,37,0.902137346,0.000366623,-67.8656,44.3674,-0.107791403,-1.397940009,0.602168551,0.534972949,-1.378034134,6.832291603,2.892637661,3.123851641,SP33
Shaidani 2017,ES150,CC46,Maine (USA),Placentia Island,Amphibians,Caudata,Plethodontidae,Plethodon cinereus,Plethodon cinereus,Plethodon cinereus,0.780204762,0.9662,0.1,0.099807071,210,27,0.213814452,0.000473435,-68.3648,44.1917,-0.107791403,0.301029996,0.602168551,0.634165918,-1.441205143,6.936544418,2.908243736,3.124328111,SP33
Shaidani 2017,ES151,CC46,Maine (USA),Western Brothers Island,Amphibians,Caudata,Plethodontidae,Plethodon cinereus,Plethodon cinereus,Plethodon cinereus,0.780204762,1.464,0.1,0.151229095,210,31,0.629371294,0.000422441,-69.241,43.912,-0.107791403,-1.301029996,0.699056855,0.638348242,-1.461508833,7.434295654,2.923122663,3.074212826,SP33
Wang et al. 2009,ES152,CC47,China (Zhejiang province),Fodu,Amphibians,Anura,Ranidae,Pelophylax nigromaculatus,Rana nigromaculata,Rana nigromaculata,45.08617226,61.9041687,1.411820234,1.908769593,24,24,0.317011925,8.05E-05,122.018,29.736,1.654043366,0.84509804,0.845160078,0.391640259,-2.038779132,16.55605888,2.897046665,3.100491157,SP34
Wang et al. 2009,ES153,CC47,China (Zhejiang province),Liuheng,Amphibians,Anura,Ranidae,Pelophylax nigromaculatus,Rana nigromaculata,Rana nigromaculata,45.08617226,40.24654888,1.411820234,1.466083848,24,21,-0.11355134,0.000104045,122.147,29.708,1.654043366,1.967313918,0.845160078,0.356069629,-1.885556739,16.60105515,2.893297621,3.101575246,SP34
Wang et al. 2009,ES154,CC47,China (Zhejiang province),Mayi,Amphibians,Anura,Ranidae,Pelophylax nigromaculatus,Rana nigromaculata,Rana nigromaculata,45.08617226,88.33273183,1.411820234,1.983890664,24,18,0.67253513,6.89E-05,122.258,29.871,1.654043366,0.84509804,0.845160078,0.361122217,-1.896580491,16.54825211,2.890625387,3.101231387,SP34
Wang et al. 2009,ES155,CC47,China (Zhejiang province),Meishan,Amphibians,Anura,Ranidae,Pelophylax nigromaculatus,Rana nigromaculata,Rana nigromaculata,45.08617226,72.70261096,1.411820234,1.994099161,24,10,0.4778017,0.000116087,121.99,29.792,1.654043366,1.339650158,-0.300162274,0.375350049,-1.952067882,16.41152191,2.902648417,3.105680463,SP34
Wang et al. 2009,ES156,CC47,China (Zhejiang province),Taohua,Amphibians,Anura,Ranidae,Pelophylax nigromaculatus,Rana nigromaculata,Rana nigromaculata,45.08617226,75.14285356,1.411820234,2.103504957,24,19,0.510815418,8.21E-05,122.232,29.818,1.654043366,1.612783857,0.944532021,0.361122217,-1.896580491,16.54825211,2.890625387,3.101231387,SP34
Wang et al. 2009,ES157,CC47,China (Zhejiang province),Xiashi,Amphibians,Anura,Ranidae,Pelophylax nigromaculatus,Rana nigromaculata,Rana nigromaculata,45.08617226,80.1331987,1.411820234,1.998703339,24,19,0.575114636,7.36E-05,122.26,29.743,1.654043366,1.222716471,1.120606831,0.354645044,-1.758850527,16.4318161,2.884774731,3.101832962,SP34
Wang et al. 2009,ES158,CC47,China (Zhejiang province),Xiushan,Amphibians,Anura,Ranidae,Pelophylax nigromaculatus,Rana nigromaculata,Rana nigromaculata,45.08617226,90.00658767,1.411820234,2.422828954,24,10,0.691307266,0.000113316,122.164,30.173,1.654043366,1.361727836,1.736404471,0.381020068,-1.924860695,16.4867878,2.899749455,3.083570676,SP34
Wang et al. 2009,ES159,CC47,China (Zhejiang province),Zhoushan,Amphibians,Anura,Ranidae,Pelophylax nigromaculatus,Rana nigromaculata,Rana nigromaculata,45.08617226,41.32408779,1.411820234,1.251720694,24,33,-0.087130028,6.87E-05,122.121,30.059,1.654043366,2.670894954,0.954290762,0.478612109,-1.93870371,16.4111042,2.902087055,3.102097398,SP34
Inger et al 2009,ES160,CC48,Malaysia,Borneo,Amphibians,Anura,Ranidae,Hylarana chalconota,Rana chalconota,Rana raniceps,4.514444512,3.148772635,0.274193104,0.241520737,32,38,-0.36026941,0.000270106,114,1,0.654604319,5.871181661,2.716004179,0.799609277,-1.552297019,25.05965996,1.379912622,3.595503407,SP35
Inger et al 2009,ES161,CC48,Malaysia,Borneo,Amphibians,Anura,Ranidae,Hylarana chalconota,Rana chalconota,Rana megalonesa,4.514444512,9.091264871,0.274193104,0.835805098,32,228,0.700031901,0.00015235,114,1,0.654604319,5.871181661,2.716004179,0.799609277,-1.552297019,25.05965996,1.379912622,3.595503407,SP35
Inger et al 2009,ES162,CC48,Malaysia,Java,Amphibians,Anura,Ranidae,Hylarana chalconota,Rana chalconota,Rana chalconota,4.514444512,11.39287384,0.274193104,0.963915096,32,69,0.925705911,0.000219024,107.5667,-6.95,0.654604319,5.142369441,2.531480194,0.578037842,-1.531484282,25.15303802,1.576119383,3.320565633,SP35
Inger et al 2009,ES163,CC48,Malaysia,Sumatra,Amphibians,Anura,Ranidae,Hylarana chalconota,Rana chalconota,Rana parvaccola,4.514444512,4.099445916,0.274193104,0.29754669,32,28,-0.096430325,0.000303429,101.6,-0.4,0.654604319,5.675418113,1.826081285,0.775979541,-1.333594233,25.93057442,1.519437698,3.392263564,SP35
Inger et al 2009,ES164,CC48,Malaysia,Sumatra,Amphibians,Anura,Ranidae,Hylarana chalconota,Rana chalconota,Rana rufipes,4.514444512,14.39834798,0.274193104,0.7303825,32,14,1.159831329,0.000299081,101.6,-0.4,0.654604319,5.675418113,1.826081285,0.775979541,-1.333594233,25.93057442,1.519437698,3.392263564,SP35
"Pafilis et al. 2019, Baskale et al. 2018",ES165,CC49,Turkey,Karpathos,Amphibians,Anura,Ranidae,Pelophylax bedriagae,Pelophylax bedriagae,Pelophylax cerigensis,38.625,9.416,17.4,5.268,161,76,-1.411489365,0.005379036,27.146,35.542,1.586868492,2.510679031,1.974055513,0.398436255,-1.973402268,17.78495979,2.736498628,2.827956965,SP36
Valenzuela-Sanchez et al. 2015,ES166,CC50,Chile,Chiloe,Amphibians,Anura,Rhinodermatidae,Rhinoderma darwinii,Rhinoderma darwinii,Rhinoderma darwinii,1.350456598,1.516230524,0.134688224,0.172978577,706,305,0.11578458,5.68E-05,-73.75,-43.3333,0.130480631,3.923968965,0.361916619,0.748025977,-1.705128954,9.535158157,2.447839253,3.384797388,SP37
Cordero-Rivera et al 2007,ES167,CC51,Spain (Galicia),Ons ,Amphibians,Caudata,Salamandridae,Lissotriton boscai,Lissotriton boscai,Lissotriton boscai,1.66889242,1.320752164,0.073752936,0.079334813,24,108,-0.23395879,0.000114784,-8.938,42.377,0.222428342,3.649140064,0.544192111,0.629724463,-1.959313584,13.96859837,2.576340788,3.207894497,SP38
Cordero-Rivera et al 2007,ES168,CC51,Spain (Galicia),Sálvora ,Amphibians,Caudata,Salamandridae,Lissotriton boscai,Lissotriton boscai,Lissotriton boscai,1.66889242,1.306494633,0.073752936,0.085809869,24,7,-0.244812487,0.000697631,-9.011,42.473,0.222428342,0.278753601,0.602168551,0.462522461,-1.407432047,14.75833321,2.479470674,3.104487111,SP38
Altuni?ik et al. 2014,ES169,CC52,Çanakkale (Turkey),Bozcaada (Tenedos) Island,Amphibians,Caudata,Salamandridae,Lissotriton vulgaris,Lissotriton vulgaris,Lissotriton vulgaris,0.896567556,0.783404258,0.043108551,0.040182661,20,17,-0.13492479,0.000270352,26.039,39.8261,-0.047416981,1.575187845,0.856245401,0.415542383,-1.851488323,15.75188923,2.810613136,2.749682213,SP39
Altuni?ik et al. 2014,ES170,CC52,Çanakkale (Turkey),Bozcaada (Tenedos) Island,Amphibians,Caudata,Salamandridae,Lissotriton vulgaris,Lissotriton vulgaris,Lissotriton vulgaris,1.855,1.495,0.276,0.33,20,17,-0.215758489,0.003973014,26.039,39.8261,0.268343914,1.575187845,0.856245401,0.415542383,-1.851488323,15.75188923,2.810613136,2.749682213,SP39
Cordero-Rivera et al 2007,ES171,CC53,Spain (Galicia),Ons ,Amphibians,Caudata,Salamandridae,Salamandra salamandra,Salamandra salamandra,Salamandra salamandra,27.916,23.1,7.193,7.821,105,111,-0.189367384,0.00166501,-8.938,42.377,1.44585319,3.649140064,0.544192111,0.629724463,-1.959313584,13.96859837,2.576340788,3.207894497,SP40
Cordero-Rivera et al 2007,ES172,CC53,Spain (Galicia),San Martiño,Amphibians,Caudata,Salamandridae,Salamandra salamandra,Salamandra salamandra,Salamandra salamandra,27.916,11.6,7.188,2.781,106,20,-0.878194903,0.003499263,-8.904,42.1969,1.44585319,0.176091259,0.778223627,0.565661279,-1.777878881,14.21249962,2.520978772,3.185870665,SP40
Velo-Anton and Cordero-Rivera 2017,ES173,CC54,Spain (Galicia),Ons ,Amphibians,Caudata,Salamandridae,Salamandra salamandra,Salamandra salamandra,Salamandra salamandra,27.998,24.2,9.28,7.918,262,170,-0.145780446,0.001049041,-8.938,42.377,1.447127009,3.649140064,0.544192111,0.629724463,-1.959313584,13.96859837,2.576340788,3.207894497,SP40
Velo-Anton and Cordero-Rivera 2017,ES174,CC54,Spain (Galicia),San Martiño,Amphibians,Caudata,Salamandridae,Salamandra salamandra,Salamandra salamandra,Salamandra salamandra,27.998,15.15,9.28,5.07,262,131,-0.614132547,0.001274223,-8.904,42.1969,1.447127009,0.176091259,0.778223627,0.565661279,-1.777878881,14.21249962,2.520978772,3.185870665,SP40
